Workbook

Sheet 🏠 หน้าหลัก
A1: 🏠 DA-YO — หน้าหลัก
A2: คลิกชื่อชีตสีฟ้าเพื่อกระโดดไปหน้านั้น · แท็บด้านล่างแบ่งสีตามหมวด · ชีตเบื้องหลังถูกซ่อนไว้ (วิธีเปิดดูท้ายหน้า)
B4: 📊 ภาพรวม | F4: 📦 สต็อก & บันทึกประจำวัน
B5: Dashboard | C5: ยอดขาย กำไร มูลค่าสต็อก ตามช่วงวันที่ | F5: สินค้าและสต็อก | G5: ⭐ ทะเบียนสินค้า + สต็อกคงเหลืออัตโนมัติ
F6: บันทึกซื้อ | G6: ลงบิลซื้อวัตถุดิบ/บรรจุภัณฑ์
B7: 🍵 เมนู & สูตร — ชาไทย / ชาเขียว | F7: บันทึกขาย | G7: ลงการขายทีละแก้ว → ตัดสต็อกเอง
B8: คำนวณสูตร | C8: เลือกเมนู+ขนาด+หวาน → ได้สูตร ต้นทุน GP | F8: ปรับสต็อก | G8: ยอดยกมา ของเสีย นับจริงไม่ตรง
B9: ข้อมูลสูตร | C9: ⭐ ต้นทางสูตรทั้งหมด 360 แถว — แก้ปริมาณที่นี่ | F9: ทะเบียนอุปกรณ์ | G9: อุปกรณ์ในร้าน + ค่าเสื่อม
B10: ต้นทุนและราคา | C10: ต้นทุนต่อหน่วย + ตารางราคาขาย 3 ขนาด
B11: SOP วิธีชง | C11: ขั้นตอนชงหน้าร้าน
F12: 👅 การชิม / R&D
F13: R&D Log | G13: บันทึกผลชิมแต่ละรอบ (JAR 1–5)
F14: สรุปการชิม | G14: สรุปว่าเมนูไหนต้องปรับหวาน/เข้มชา
B15: 🧪 การทำเบส
B16: เตรียมเบส | C16: กรอกยอดคาดขาย → บอกว่าต้องทำเบสกี่ batch
B17: เบสและซับสูตร | C17: สูตรเบสแต่ละตัว ปรับตามปริมาณที่จะทำ | F17: ✨ มัทฉะพรีเมียม
B18: ต้นทุนเบส | C18: ⭐ BOM: เบสแต่ละตัวใช้สินค้าอะไร เท่าไหร่ | F18: มัทฉะพรีเมียม | G18: ต้นทุนผงมัทฉะ ตารางความไว เกรดผง
B21: 🗂 ชีตเบื้องหลัง (ซ่อนไว้)
B22: ตารางรวม | C22: เครื่องมิเรอร์สูตร 360 แถว — ห้ามแก้ ระบบใช้ค้นหา
B23: Lists | C23: รายการแม่ของ dropdown ทุกตัว (เมนู ขนาด หมวดย่อย)
B24: Schema | C24: คู่มือว่าคอลัมน์ไหนกรอกได้/เป็นสูตร
B25: เคล็ดลับ | C25: โน้ตเทคนิคหน้าร้าน
B26: สรุปการแก้ไข | C26: ประวัติการแก้ไฟล์
B28: วิธีเปิดชีตที่ซ่อน: คลิกขวาที่แท็บใดก็ได้ด้านล่าง → Unhide → เลือกชื่อชีต → OK
B29: ชีตทั้งหมดเรียงตามหมวดในแท็บด้านล่างแล้ว — กลับมาหน้านี้ได้จากแท็บ 🏠 หน้าหลัก ซ้ายสุด

Sheet Dashboard
A1: 📈 Dashboard — ภาพรวมยอดขาย กำไร และสต็อก
A2: เปลี่ยนช่วงวันที่ในช่องครีม (B4 / D4) ตัวเลขทั้งหน้าจะคำนวณใหม่ · ค่าเริ่มต้น = ต้นเดือนนี้ถึงวันนี้
A4: ช่วงวันที่: จาก | B4: =DATE(YEAR(TODAY()),MONTH(TODAY()),1) -> 46266 | C4: ถึง | D4: =TODAY() -> 46282
A6: ยอดขายในช่วงที่เลือก
A7: จำนวนแก้ว | B7: ยอดขาย (บาท) | C7: ต้นทุนวัตถุดิบ (บาท) | D7: กำไรขั้นต้น (บาท) | E7: GP % | F7: จำนวนรายการขาย
A8: =SUMIFS(tblSales[จำนวนแก้ว],tblSales[วันที่],">="&$B$4,tblSales[วันที่],"<="&$D$4) -> 0 | B8: =SUMIFS(tblSales[ยอดขาย (บาท)],tblSales[วันที่],">="&$B$4,tblSales[วันที่],"<="&$D$4) -> 0 | C8: =SUMIFS(tblSales[ต้นทุนรวม (บาท)],tblSales[วันที่],">="&$B$4,tblSales[วันที่],"<="&$D$4) -> 0 | D8: =SUMIFS(tblSales[กำไร (บาท)],tblSales[วันที่],">="&$B$4,tblSales[วันที่],"<="&$D$4) -> 0 | E8: =IFERROR(D8/B8,0) -> 0 | F8: =COUNTIFS(tblSales[วันที่],">="&$B$4,tblSales[วันที่],"<="&$D$4) -> 0
A10: สถานะสต็อกและทรัพย์สิน (ณ ปัจจุบัน)
A11: มูลค่าสต็อกคงเหลือ (บาท) | B11: สินค้าใกล้หมด (รายการ) | C11: สินค้าหมด (รายการ) | D11: ยอดซื้อในช่วงที่เลือก (บาท) | E11: ของเสีย/ปรับลดในช่วง (รายการ) | F11: มูลค่าอุปกรณ์รวม (บาท)
A12: =SUM(tblItems[มูลค่าคงเหลือ (บาท)]) -> 797.68 | B12: =COUNTIF(tblItems[สถานะ],"ใกล้หมด") -> 0 | C12: =COUNTIF(tblItems[สถานะ],"หมด") -> 31 | D12: =SUMIFS(tblPurchases[ราคารวม (บาท)],tblPurchases[วันที่],">="&$B$4,tblPurchases[วันที่],"<="&$D$4) -> 797.68 | E12: =COUNTIFS(tblAdjust[วันที่],">="&$B$4,tblAdjust[วันที่],"<="&$D$4,tblAdjust[จำนวน (+เพิ่ม / -ลด)],"<0") -> 0 | F12: =SUMPRODUCT(tblEquip[ราคา (บาท)],tblEquip[จำนวน]) -> 4756.28
A14: ยอดขายแยกเมนู (ช่วงที่เลือก) | J14: ⚠ สินค้าที่ต้องสั่งซื้อ (ใกล้หมด/หมด)
A15: เมนู | B15: ชื่อไทย | C15: แก้ว | D15: ยอดขาย (บาท) | E15: ต้นทุน (บาท) | F15: กำไร (บาท) | G15: GP % | H15: สัดส่วนยอดขาย | J15: ลำดับ | K15: รหัสสินค้า | L15: ชื่อสินค้า | M15: คงเหลือ (หน่วยใช้) | N15: หน่วยใช้ | O15: สถานะ
A16: =IF(Lists!$A$2="","",Lists!$A$2) -> Original | B16: =IF(A16="","",Lists!$B$2) -> ชาไทยเย็น | C16: =IF(A16="","",SUMIFS(tblSales[จำนวนแก้ว],tblSales[เมนู],A16,tblSales[วันที่],">="&$B$4,tblSales[วันที่],"<="&$D$4)) -> 0 | D16: =IF(A16="","",SUMIFS(tblSales[ยอดขาย (บาท)],tblSales[เมนู],A16,tblSales[วันที่],">="&$B$4,tblSales[วันที่],"<="&$D$4)) -> 0 | E16: =IF(A16="","",SUMIFS(tblSales[ต้นทุนรวม (บาท)],tblSales[เมนู],A16,tblSales[วันที่],">="&$B$4,tblSales[วันที่],"<="&$D$4)) -> 0 | F16: =IF(A16="","",D16-E16) -> 0 | G16: =IF(A16="","",IFERROR(F16/D16,0)) -> 0 | H16: =IF(A16="","",IFERROR(D16/$B$8,0)) -> 0 | J16: 1 | K16: =IFERROR(INDEX(tblItems[รหัสสินค้า],MATCH(J16,tblItems[ลำดับแจ้งเตือน],0)),"") -> RM-TEA-01 | L16: =IF(K16="","",INDEX(tblItems[ชื่อสินค้า],MATCH(K16,tblItems[รหัสสินค้า],0))) -> ชาไทยผงปรุงสำเร็จ ฉลากแดง | M16: =IF(K16="","",INDEX(tblItems[คงเหลือ (หน่วยใช้)],MATCH(K16,tblItems[รหัสสินค้า],0))) -> 0 | N16: =IF(K16="","",INDEX(tblItems[หน่วยใช้],MATCH(K16,tblItems[รหัสสินค้า],0))) -> g | O16: =IF(K16="","",INDEX(tblItems[สถานะ],MATCH(K16,tblItems[รหัสสินค้า],0))) -> หมด
A17: =IF(Lists!$A$3="","",Lists!$A$3) -> Latte | B17: =IF(A17="","",Lists!$B$3) -> ชาไทยนมสด | C17: =IF(A17="","",SUMIFS(tblSales[จำนวนแก้ว],tblSales[เมนู],A17,tblSales[วันที่],">="&$B$4,tblSales[วันที่],"<="&$D$4)) -> 0 | D17: =IF(A17="","",SUMIFS(tblSales[ยอดขาย (บาท)],tblSales[เมนู],A17,tblSales[วันที่],">="&$B$4,tblSales[วันที่],"<="&$D$4)) -> 0 | E17: =IF(A17="","",SUMIFS(tblSales[ต้นทุนรวม (บาท)],tblSales[เมนู],A17,tblSales[วันที่],">="&$B$4,tblSales[วันที่],"<="&$D$4)) -> 0 | F17: =IF(A17="","",D17-E17) -> 0 | G17: =IF(A17="","",IFERROR(F17/D17,0)) -> 0 | H17: =IF(A17="","",IFERROR(D17/$B$8,0)) -> 0 | J17: 2 | K17: =IFERROR(INDEX(tblItems[รหัสสินค้า],MATCH(J17,tblItems[ลำดับแจ้งเตือน],0)),"") -> RM-TEA-02 | L17: =IF(K17="","",INDEX(tblItems[ชื่อสินค้า],MATCH(K17,tblItems[รหัสสินค้า],0))) -> ใบชาใต้ รินชา สูตร 3 | M17: =IF(K17="","",INDEX(tblItems[คงเหลือ (หน่วยใช้)],MATCH(K17,tblItems[รหัสสินค้า],0))) -> 0 | N17: =IF(K17="","",INDEX(tblItems[หน่วยใช้],MATCH(K17,tblItems[รหัสสินค้า],0))) -> g | O17: =IF(K17="","",INDEX(tblItems[สถานะ],MATCH(K17,tblItems[รหัสสินค้า],0))) -> หมด
A18: =IF(Lists!$A$4="","",Lists!$A$4) -> Cream Cheese | B18: =IF(A18="","",Lists!$B$4) -> ชาไทยครีมชีสโฟม | C18: =IF(A18="","",SUMIFS(tblSales[จำนวนแก้ว],tblSales[เมนู],A18,tblSales[วันที่],">="&$B$4,tblSales[วันที่],"<="&$D$4)) -> 0 | D18: =IF(A18="","",SUMIFS(tblSales[ยอดขาย (บาท)],tblSales[เมนู],A18,tblSales[วันที่],">="&$B$4,tblSales[วันที่],"<="&$D$4)) -> 0 | E18: =IF(A18="","",SUMIFS(tblSales[ต้นทุนรวม (บาท)],tblSales[เมนู],A18,tblSales[วันที่],">="&$B$4,tblSales[วันที่],"<="&$D$4)) -> 0 | F18: =IF(A18="","",D18-E18) -> 0 | G18: =IF(A18="","",IFERROR(F18/D18,0)) -> 0 | H18: =IF(A18="","",IFERROR(D18/$B$8,0)) -> 0 | J18: 3 | K18: =IFERROR(INDEX(tblItems[รหัสสินค้า],MATCH(J18,tblItems[ลำดับแจ้งเตือน],0)),"") -> RM-TEA-03 | L18: =IF(K18="","",INDEX(tblItems[ชื่อสินค้า],MATCH(K18,tblItems[รหัสสินค้า],0))) -> ชาเขียวผง ฉลากเขียว | M18: =IF(K18="","",INDEX(tblItems[คงเหลือ (หน่วยใช้)],MATCH(K18,tblItems[รหัสสินค้า],0))) -> 0 | N18: =IF(K18="","",INDEX(tblItems[หน่วยใช้],MATCH(K18,tblItems[รหัสสินค้า],0))) -> g | O18: =IF(K18="","",INDEX(tblItems[สถานะ],MATCH(K18,tblItems[รหัสสินค้า],0))) -> หมด
A19: =IF(Lists!$A$5="","",Lists!$A$5) -> Whip Cheese | B19: =IF(A19="","",Lists!$B$5) -> ชาไทยวิปชีส | C19: =IF(A19="","",SUMIFS(tblSales[จำนวนแก้ว],tblSales[เมนู],A19,tblSales[วันที่],">="&$B$4,tblSales[วันที่],"<="&$D$4)) -> 0 | D19: =IF(A19="","",SUMIFS(tblSales[ยอดขาย (บาท)],tblSales[เมนู],A19,tblSales[วันที่],">="&$B$4,tblSales[วันที่],"<="&$D$4)) -> 0 | E19: =IF(A19="","",SUMIFS(tblSales[ต้นทุนรวม (บาท)],tblSales[เมนู],A19,tblSales[วันที่],">="&$B$4,tblSales[วันที่],"<="&$D$4)) -> 0 | F19: =IF(A19="","",D19-E19) -> 0 | G19: =IF(A19="","",IFERROR(F19/D19,0)) -> 0 | H19: =IF(A19="","",IFERROR(D19/$B$8,0)) -> 0 | J19: 4 | K19: =IFERROR(INDEX(tblItems[รหัสสินค้า],MATCH(J19,tblItems[ลำดับแจ้งเตือน],0)),"") -> RM-TEA-04 | L19: =IF(K19="","",INDEX(tblItems[ชื่อสินค้า],MATCH(K19,tblItems[รหัสสินค้า],0))) -> ใบชาเขียวไม่มีกลิ่นมะลิ รินชา | M19: =IF(K19="","",INDEX(tblItems[คงเหลือ (หน่วยใช้)],MATCH(K19,tblItems[รหัสสินค้า],0))) -> 0 | N19: =IF(K19="","",INDEX(tblItems[หน่วยใช้],MATCH(K19,tblItems[รหัสสินค้า],0))) -> g | O19: =IF(K19="","",INDEX(tblItems[สถานะ],MATCH(K19,tblItems[รหัสสินค้า],0))) -> หมด
A20: =IF(Lists!$A$6="","",Lists!$A$6) -> Orange Latte | B20: =IF(A20="","",Lists!$B$6) -> ชาไทยส้ม | C20: =IF(A20="","",SUMIFS(tblSales[จำนวนแก้ว],tblSales[เมนู],A20,tblSales[วันที่],">="&$B$4,tblSales[วันที่],"<="&$D$4)) -> 0 | D20: =IF(A20="","",SUMIFS(tblSales[ยอดขาย (บาท)],tblSales[เมนู],A20,tblSales[วันที่],">="&$B$4,tblSales[วันที่],"<="&$D$4)) -> 0 | E20: =IF(A20="","",SUMIFS(tblSales[ต้นทุนรวม (บาท)],tblSales[เมนู],A20,tblSales[วันที่],">="&$B$4,tblSales[วันที่],"<="&$D$4)) -> 0 | F20: =IF(A20="","",D20-E20) -> 0 | G20: =IF(A20="","",IFERROR(F20/D20,0)) -> 0 | H20: =IF(A20="","",IFERROR(D20/$B$8,0)) -> 0 | J20: 5 | K20: =IFERROR(INDEX(tblItems[รหัสสินค้า],MATCH(J20,tblItems[ลำดับแจ้งเตือน],0)),"") -> RM-SWT-01 | L20: =IF(K20="","",INDEX(tblItems[ชื่อสินค้า],MATCH(K20,tblItems[รหัสสินค้า],0))) -> น้ำตาลทราย | M20: =IF(K20="","",INDEX(tblItems[คงเหลือ (หน่วยใช้)],MATCH(K20,tblItems[รหัสสินค้า],0))) -> 0 | N20: =IF(K20="","",INDEX(tblItems[หน่วยใช้],MATCH(K20,tblItems[รหัสสินค้า],0))) -> g | O20: =IF(K20="","",INDEX(tblItems[สถานะ],MATCH(K20,tblItems[รหัสสินค้า],0))) -> หมด
A21: =IF(Lists!$A$7="","",Lists!$A$7) -> Cocoa | B21: =IF(A21="","",Lists!$B$7) -> ชาไทยโกโก้ | C21: =IF(A21="","",SUMIFS(tblSales[จำนวนแก้ว],tblSales[เมนู],A21,tblSales[วันที่],">="&$B$4,tblSales[วันที่],"<="&$D$4)) -> 0 | D21: =IF(A21="","",SUMIFS(tblSales[ยอดขาย (บาท)],tblSales[เมนู],A21,tblSales[วันที่],">="&$B$4,tblSales[วันที่],"<="&$D$4)) -> 0 | E21: =IF(A21="","",SUMIFS(tblSales[ต้นทุนรวม (บาท)],tblSales[เมนู],A21,tblSales[วันที่],">="&$B$4,tblSales[วันที่],"<="&$D$4)) -> 0 | F21: =IF(A21="","",D21-E21) -> 0 | G21: =IF(A21="","",IFERROR(F21/D21,0)) -> 0 | H21: =IF(A21="","",IFERROR(D21/$B$8,0)) -> 0 | J21: 6 | K21: =IFERROR(INDEX(tblItems[รหัสสินค้า],MATCH(J21,tblItems[ลำดับแจ้งเตือน],0)),"") -> RM-SEA-01 | L21: =IF(K21="","",INDEX(tblItems[ชื่อสินค้า],MATCH(K21,tblItems[รหัสสินค้า],0))) -> เกลือป่น | M21: =IF(K21="","",INDEX(tblItems[คงเหลือ (หน่วยใช้)],MATCH(K21,tblItems[รหัสสินค้า],0))) -> 0 | N21: =IF(K21="","",INDEX(tblItems[หน่วยใช้],MATCH(K21,tblItems[รหัสสินค้า],0))) -> g | O21: =IF(K21="","",INDEX(tblItems[สถานะ],MATCH(K21,tblItems[รหัสสินค้า],0))) -> หมด
A22: =IF(Lists!$A$8="","",Lists!$A$8) -> Thai Tea Frappe | B22: =IF(A22="","",Lists!$B$8) -> ชาไทยปั่น | C22: =IF(A22="","",SUMIFS(tblSales[จำนวนแก้ว],tblSales[เมนู],A22,tblSales[วันที่],">="&$B$4,tblSales[วันที่],"<="&$D$4)) -> 0 | D22: =IF(A22="","",SUMIFS(tblSales[ยอดขาย (บาท)],tblSales[เมนู],A22,tblSales[วันที่],">="&$B$4,tblSales[วันที่],"<="&$D$4)) -> 0 | E22: =IF(A22="","",SUMIFS(tblSales[ต้นทุนรวม (บาท)],tblSales[เมนู],A22,tblSales[วันที่],">="&$B$4,tblSales[วันที่],"<="&$D$4)) -> 0 | F22: =IF(A22="","",D22-E22) -> 0 | G22: =IF(A22="","",IFERROR(F22/D22,0)) -> 0 | H22: =IF(A22="","",IFERROR(D22/$B$8,0)) -> 0 | J22: 7 | K22: =IFERROR(INDEX(tblItems[รหัสสินค้า],MATCH(J22,tblItems[ลำดับแจ้งเตือน],0)),"") -> RM-MLK-01 | L22: =IF(K22="","",INDEX(tblItems[ชื่อสินค้า],MATCH(K22,tblItems[รหัสสินค้า],0))) -> นมสดรสจืด UHT | M22: =IF(K22="","",INDEX(tblItems[คงเหลือ (หน่วยใช้)],MATCH(K22,tblItems[รหัสสินค้า],0))) -> 0 | N22: =IF(K22="","",INDEX(tblItems[หน่วยใช้],MATCH(K22,tblItems[รหัสสินค้า],0))) -> ml | O22: =IF(K22="","",INDEX(tblItems[สถานะ],MATCH(K22,tblItems[รหัสสินค้า],0))) -> หมด
A23: =IF(Lists!$A$9="","",Lists!$A$9) -> Coconut Frappe | B23: =IF(A23="","",Lists!$B$9) -> ชาไทยมะพร้าวปั่น | C23: =IF(A23="","",SUMIFS(tblSales[จำนวนแก้ว],tblSales[เมนู],A23,tblSales[วันที่],">="&$B$4,tblSales[วันที่],"<="&$D$4)) -> 0 | D23: =IF(A23="","",SUMIFS(tblSales[ยอดขาย (บาท)],tblSales[เมนู],A23,tblSales[วันที่],">="&$B$4,tblSales[วันที่],"<="&$D$4)) -> 0 | E23: =IF(A23="","",SUMIFS(tblSales[ต้นทุนรวม (บาท)],tblSales[เมนู],A23,tblSales[วันที่],">="&$B$4,tblSales[วันที่],"<="&$D$4)) -> 0 | F23: =IF(A23="","",D23-E23) -> 0 | G23: =IF(A23="","",IFERROR(F23/D23,0)) -> 0 | H23: =IF(A23="","",IFERROR(D23/$B$8,0)) -> 0 | J23: 8 | K23: =IFERROR(INDEX(tblItems[รหัสสินค้า],MATCH(J23,tblItems[ลำดับแจ้งเตือน],0)),"") -> RM-MLK-02 | L23: =IF(K23="","",INDEX(tblItems[ชื่อสินค้า],MATCH(K23,tblItems[รหัสสินค้า],0))) -> นมข้นจืด | M23: =IF(K23="","",INDEX(tblItems[คงเหลือ (หน่วยใช้)],MATCH(K23,tblItems[รหัสสินค้า],0))) -> 0 | N23: =IF(K23="","",INDEX(tblItems[หน่วยใช้],MATCH(K23,tblItems[รหัสสินค้า],0))) -> ml | O23: =IF(K23="","",INDEX(tblItems[สถานะ],MATCH(K23,tblItems[รหัสสินค้า],0))) -> หมด
A24: =IF(Lists!$A$10="","",Lists!$A$10) -> Honey Milk | B24: =IF(A24="","",Lists!$B$10) -> ชาไทยนมสดน้ำผึ้ง | C24: =IF(A24="","",SUMIFS(tblSales[จำนวนแก้ว],tblSales[เมนู],A24,tblSales[วันที่],">="&$B$4,tblSales[วันที่],"<="&$D$4)) -> 0 | D24: =IF(A24="","",SUMIFS(tblSales[ยอดขาย (บาท)],tblSales[เมนู],A24,tblSales[วันที่],">="&$B$4,tblSales[วันที่],"<="&$D$4)) -> 0 | E24: =IF(A24="","",SUMIFS(tblSales[ต้นทุนรวม (บาท)],tblSales[เมนู],A24,tblSales[วันที่],">="&$B$4,tblSales[วันที่],"<="&$D$4)) -> 0 | F24: =IF(A24="","",D24-E24) -> 0 | G24: =IF(A24="","",IFERROR(F24/D24,0)) -> 0 | H24: =IF(A24="","",IFERROR(D24/$B$8,0)) -> 0 | J24: 9 | K24: =IFERROR(INDEX(tblItems[รหัสสินค้า],MATCH(J24,tblItems[ลำดับแจ้งเตือน],0)),"") -> RM-MLK-03 | L24: =IF(K24="","",INDEX(tblItems[ชื่อสินค้า],MATCH(K24,tblItems[รหัสสินค้า],0))) -> นมข้นหวาน | M24: =IF(K24="","",INDEX(tblItems[คงเหลือ (หน่วยใช้)],MATCH(K24,tblItems[รหัสสินค้า],0))) -> 0 | N24: =IF(K24="","",INDEX(tblItems[หน่วยใช้],MATCH(K24,tblItems[รหัสสินค้า],0))) -> ml | O24: =IF(K24="","",INDEX(tblItems[สถานะ],MATCH(K24,tblItems[รหัสสินค้า],0))) -> หมด
A25: =IF(Lists!$A$11="","",Lists!$A$11) -> Coconut Tea | B25: =IF(A25="","",Lists!$B$11) -> ชาไทยมะพร้าวน้ำหอม (เย็น) | C25: =IF(A25="","",SUMIFS(tblSales[จำนวนแก้ว],tblSales[เมนู],A25,tblSales[วันที่],">="&$B$4,tblSales[วันที่],"<="&$D$4)) -> 0 | D25: =IF(A25="","",SUMIFS(tblSales[ยอดขาย (บาท)],tblSales[เมนู],A25,tblSales[วันที่],">="&$B$4,tblSales[วันที่],"<="&$D$4)) -> 0 | E25: =IF(A25="","",SUMIFS(tblSales[ต้นทุนรวม (บาท)],tblSales[เมนู],A25,tblSales[วันที่],">="&$B$4,tblSales[วันที่],"<="&$D$4)) -> 0 | F25: =IF(A25="","",D25-E25) -> 0 | G25: =IF(A25="","",IFERROR(F25/D25,0)) -> 0 | H25: =IF(A25="","",IFERROR(D25/$B$8,0)) -> 0 | J25: 10 | K25: =IFERROR(INDEX(tblItems[รหัสสินค้า],MATCH(J25,tblItems[ลำดับแจ้งเตือน],0)),"") -> RM-SWT-02 | L25: =IF(K25="","",INDEX(tblItems[ชื่อสินค้า],MATCH(K25,tblItems[รหัสสินค้า],0))) -> น้ำผึ้ง | M25: =IF(K25="","",INDEX(tblItems[คงเหลือ (หน่วยใช้)],MATCH(K25,tblItems[รหัสสินค้า],0))) -> 0 | N25: =IF(K25="","",INDEX(tblItems[หน่วยใช้],MATCH(K25,tblItems[รหัสสินค้า],0))) -> ml | O25: =IF(K25="","",INDEX(tblItems[สถานะ],MATCH(K25,tblItems[รหัสสินค้า],0))) -> หมด
A26: =IF(Lists!$A$12="","",Lists!$A$12) -> Lemon Tea | B26: =IF(A26="","",Lists!$B$12) -> ชามะนาว | C26: =IF(A26="","",SUMIFS(tblSales[จำนวนแก้ว],tblSales[เมนู],A26,tblSales[วันที่],">="&$B$4,tblSales[วันที่],"<="&$D$4)) -> 0 | D26: =IF(A26="","",SUMIFS(tblSales[ยอดขาย (บาท)],tblSales[เมนู],A26,tblSales[วันที่],">="&$B$4,tblSales[วันที่],"<="&$D$4)) -> 0 | E26: =IF(A26="","",SUMIFS(tblSales[ต้นทุนรวม (บาท)],tblSales[เมนู],A26,tblSales[วันที่],">="&$B$4,tblSales[วันที่],"<="&$D$4)) -> 0 | F26: =IF(A26="","",D26-E26) -> 0 | G26: =IF(A26="","",IFERROR(F26/D26,0)) -> 0 | H26: =IF(A26="","",IFERROR(D26/$B$8,0)) -> 0 | J26: 11 | K26: =IFERROR(INDEX(tblItems[รหัสสินค้า],MATCH(J26,tblItems[ลำดับแจ้งเตือน],0)),"") -> RM-POW-01 | L26: =IF(K26="","",INDEX(tblItems[ชื่อสินค้า],MATCH(K26,tblItems[รหัสสินค้า],0))) -> ผงโกโก้ | M26: =IF(K26="","",INDEX(tblItems[คงเหลือ (หน่วยใช้)],MATCH(K26,tblItems[รหัสสินค้า],0))) -> 0 | N26: =IF(K26="","",INDEX(tblItems[หน่วยใช้],MATCH(K26,tblItems[รหัสสินค้า],0))) -> g | O26: =IF(K26="","",INDEX(tblItems[สถานะ],MATCH(K26,tblItems[รหัสสินค้า],0))) -> หมด
A27: =IF(Lists!$A$13="","",Lists!$A$13) -> Green Tea | B27: =IF(A27="","",Lists!$B$13) -> ชาเขียวเย็น | C27: =IF(A27="","",SUMIFS(tblSales[จำนวนแก้ว],tblSales[เมนู],A27,tblSales[วันที่],">="&$B$4,tblSales[วันที่],"<="&$D$4)) -> 0 | D27: =IF(A27="","",SUMIFS(tblSales[ยอดขาย (บาท)],tblSales[เมนู],A27,tblSales[วันที่],">="&$B$4,tblSales[วันที่],"<="&$D$4)) -> 0 | E27: =IF(A27="","",SUMIFS(tblSales[ต้นทุนรวม (บาท)],tblSales[เมนู],A27,tblSales[วันที่],">="&$B$4,tblSales[วันที่],"<="&$D$4)) -> 0 | F27: =IF(A27="","",D27-E27) -> 0 | G27: =IF(A27="","",IFERROR(F27/D27,0)) -> 0 | H27: =IF(A27="","",IFERROR(D27/$B$8,0)) -> 0 | J27: 12 | K27: =IFERROR(INDEX(tblItems[รหัสสินค้า],MATCH(J27,tblItems[ลำดับแจ้งเตือน],0)),"") -> RM-JUI-01 | L27: =IF(K27="","",INDEX(tblItems[ชื่อสินค้า],MATCH(K27,tblItems[รหัสสินค้า],0))) -> น้ำส้ม 100% | M27: =IF(K27="","",INDEX(tblItems[คงเหลือ (หน่วยใช้)],MATCH(K27,tblItems[รหัสสินค้า],0))) -> 0 | N27: =IF(K27="","",INDEX(tblItems[หน่วยใช้],MATCH(K27,tblItems[รหัสสินค้า],0))) -> ml | O27: =IF(K27="","",INDEX(tblItems[สถานะ],MATCH(K27,tblItems[รหัสสินค้า],0))) -> หมด
A28: =IF(Lists!$A$14="","",Lists!$A$14) -> Green Coconut | B28: =IF(A28="","",Lists!$B$14) -> ชาเขียวมะพร้าว | C28: =IF(A28="","",SUMIFS(tblSales[จำนวนแก้ว],tblSales[เมนู],A28,tblSales[วันที่],">="&$B$4,tblSales[วันที่],"<="&$D$4)) -> 0 | D28: =IF(A28="","",SUMIFS(tblSales[ยอดขาย (บาท)],tblSales[เมนู],A28,tblSales[วันที่],">="&$B$4,tblSales[วันที่],"<="&$D$4)) -> 0 | E28: =IF(A28="","",SUMIFS(tblSales[ต้นทุนรวม (บาท)],tblSales[เมนู],A28,tblSales[วันที่],">="&$B$4,tblSales[วันที่],"<="&$D$4)) -> 0 | F28: =IF(A28="","",D28-E28) -> 0 | G28: =IF(A28="","",IFERROR(F28/D28,0)) -> 0 | H28: =IF(A28="","",IFERROR(D28/$B$8,0)) -> 0 | J28: 13 | K28: =IFERROR(INDEX(tblItems[รหัสสินค้า],MATCH(J28,tblItems[ลำดับแจ้งเตือน],0)),"") -> RM-JUI-02 | L28: =IF(K28="","",INDEX(tblItems[ชื่อสินค้า],MATCH(K28,tblItems[รหัสสินค้า],0))) -> น้ำมะพร้าวน้ำหอม 100% | M28: =IF(K28="","",INDEX(tblItems[คงเหลือ (หน่วยใช้)],MATCH(K28,tblItems[รหัสสินค้า],0))) -> 0 | N28: =IF(K28="","",INDEX(tblItems[หน่วยใช้],MATCH(K28,tblItems[รหัสสินค้า],0))) -> ml | O28: =IF(K28="","",INDEX(tblItems[สถานะ],MATCH(K28,tblItems[รหัสสินค้า],0))) -> หมด
A29: =IF(Lists!$A$15="","",Lists!$A$15) -> Green Honey Milk | B29: =IF(A29="","",Lists!$B$15) -> ชาเขียวนมสดน้ำผึ้ง | C29: =IF(A29="","",SUMIFS(tblSales[จำนวนแก้ว],tblSales[เมนู],A29,tblSales[วันที่],">="&$B$4,tblSales[วันที่],"<="&$D$4)) -> 0 | D29: =IF(A29="","",SUMIFS(tblSales[ยอดขาย (บาท)],tblSales[เมนู],A29,tblSales[วันที่],">="&$B$4,tblSales[วันที่],"<="&$D$4)) -> 0 | E29: =IF(A29="","",SUMIFS(tblSales[ต้นทุนรวม (บาท)],tblSales[เมนู],A29,tblSales[วันที่],">="&$B$4,tblSales[วันที่],"<="&$D$4)) -> 0 | F29: =IF(A29="","",D29-E29) -> 0 | G29: =IF(A29="","",IFERROR(F29/D29,0)) -> 0 | H29: =IF(A29="","",IFERROR(D29/$B$8,0)) -> 0 | J29: 14 | K29: =IFERROR(INDEX(tblItems[รหัสสินค้า],MATCH(J29,tblItems[ลำดับแจ้งเตือน],0)),"") -> RM-MLK-04 | L29: =IF(K29="","",INDEX(tblItems[ชื่อสินค้า],MATCH(K29,tblItems[รหัสสินค้า],0))) -> กะทิ UHT | M29: =IF(K29="","",INDEX(tblItems[คงเหลือ (หน่วยใช้)],MATCH(K29,tblItems[รหัสสินค้า],0))) -> 0 | N29: =IF(K29="","",INDEX(tblItems[หน่วยใช้],MATCH(K29,tblItems[รหัสสินค้า],0))) -> ml | O29: =IF(K29="","",INDEX(tblItems[สถานะ],MATCH(K29,tblItems[รหัสสินค้า],0))) -> หมด
A30: =IF(Lists!$A$16="","",Lists!$A$16) -> Green Berry Soda | B30: =IF(A30="","",Lists!$B$16) -> ชาเขียวสตรอว์เบอร์รี่โซดา | C30: =IF(A30="","",SUMIFS(tblSales[จำนวนแก้ว],tblSales[เมนู],A30,tblSales[วันที่],">="&$B$4,tblSales[วันที่],"<="&$D$4)) -> 0 | D30: =IF(A30="","",SUMIFS(tblSales[ยอดขาย (บาท)],tblSales[เมนู],A30,tblSales[วันที่],">="&$B$4,tblSales[วันที่],"<="&$D$4)) -> 0 | E30: =IF(A30="","",SUMIFS(tblSales[ต้นทุนรวม (บาท)],tblSales[เมนู],A30,tblSales[วันที่],">="&$B$4,tblSales[วันที่],"<="&$D$4)) -> 0 | F30: =IF(A30="","",D30-E30) -> 0 | G30: =IF(A30="","",IFERROR(F30/D30,0)) -> 0 | H30: =IF(A30="","",IFERROR(D30/$B$8,0)) -> 0 | J30: 15 | K30: =IFERROR(INDEX(tblItems[รหัสสินค้า],MATCH(J30,tblItems[ลำดับแจ้งเตือน],0)),"") -> RM-SAU-01 | L30: =IF(K30="","",INDEX(tblItems[ชื่อสินค้า],MATCH(K30,tblItems[รหัสสินค้า],0))) -> ซอสสตรอว์เบอร์รี่ | M30: =IF(K30="","",INDEX(tblItems[คงเหลือ (หน่วยใช้)],MATCH(K30,tblItems[รหัสสินค้า],0))) -> 0 | N30: =IF(K30="","",INDEX(tblItems[หน่วยใช้],MATCH(K30,tblItems[รหัสสินค้า],0))) -> g | O30: =IF(K30="","",INDEX(tblItems[สถานะ],MATCH(K30,tblItems[รหัสสินค้า],0))) -> หมด
A31: =IF(Lists!$A$17="","",Lists!$A$17) -> Green Tea Frappe | B31: =IF(A31="","",Lists!$B$17) -> ชาเขียวปั่น | C31: =IF(A31="","",SUMIFS(tblSales[จำนวนแก้ว],tblSales[เมนู],A31,tblSales[วันที่],">="&$B$4,tblSales[วันที่],"<="&$D$4)) -> 0 | D31: =IF(A31="","",SUMIFS(tblSales[ยอดขาย (บาท)],tblSales[เมนู],A31,tblSales[วันที่],">="&$B$4,tblSales[วันที่],"<="&$D$4)) -> 0 | E31: =IF(A31="","",SUMIFS(tblSales[ต้นทุนรวม (บาท)],tblSales[เมนู],A31,tblSales[วันที่],">="&$B$4,tblSales[วันที่],"<="&$D$4)) -> 0 | F31: =IF(A31="","",D31-E31) -> 0 | G31: =IF(A31="","",IFERROR(F31/D31,0)) -> 0 | H31: =IF(A31="","",IFERROR(D31/$B$8,0)) -> 0
A32: =IF(Lists!$A$18="","",Lists!$A$18) -> Green Latte | B32: =IF(A32="","",Lists!$B$18) -> ชาเขียวนมสด (มัทฉะลาเต้) | C32: =IF(A32="","",SUMIFS(tblSales[จำนวนแก้ว],tblSales[เมนู],A32,tblSales[วันที่],">="&$B$4,tblSales[วันที่],"<="&$D$4)) -> 0 | D32: =IF(A32="","",SUMIFS(tblSales[ยอดขาย (บาท)],tblSales[เมนู],A32,tblSales[วันที่],">="&$B$4,tblSales[วันที่],"<="&$D$4)) -> 0 | E32: =IF(A32="","",SUMIFS(tblSales[ต้นทุนรวม (บาท)],tblSales[เมนู],A32,tblSales[วันที่],">="&$B$4,tblSales[วันที่],"<="&$D$4)) -> 0 | F32: =IF(A32="","",D32-E32) -> 0 | G32: =IF(A32="","",IFERROR(F32/D32,0)) -> 0 | H32: =IF(A32="","",IFERROR(D32/$B$8,0)) -> 0
A33: =IF(Lists!$A$19="","",Lists!$A$19) -> Green Lemon Tea | B33: =IF(A33="","",Lists!$B$19) -> ชาเขียวมะนาว | C33: =IF(A33="","",SUMIFS(tblSales[จำนวนแก้ว],tblSales[เมนู],A33,tblSales[วันที่],">="&$B$4,tblSales[วันที่],"<="&$D$4)) -> 0 | D33: =IF(A33="","",SUMIFS(tblSales[ยอดขาย (บาท)],tblSales[เมนู],A33,tblSales[วันที่],">="&$B$4,tblSales[วันที่],"<="&$D$4)) -> 0 | E33: =IF(A33="","",SUMIFS(tblSales[ต้นทุนรวม (บาท)],tblSales[เมนู],A33,tblSales[วันที่],">="&$B$4,tblSales[วันที่],"<="&$D$4)) -> 0 | F33: =IF(A33="","",D33-E33) -> 0 | G33: =IF(A33="","",IFERROR(F33/D33,0)) -> 0 | H33: =IF(A33="","",IFERROR(D33/$B$8,0)) -> 0
A34: =IF(Lists!$A$20="","",Lists!$A$20) -> Green Honey Lemon | B34: =IF(A34="","",Lists!$B$20) -> ชาเขียวน้ำผึ้งมะนาว | C34: =IF(A34="","",SUMIFS(tblSales[จำนวนแก้ว],tblSales[เมนู],A34,tblSales[วันที่],">="&$B$4,tblSales[วันที่],"<="&$D$4)) -> 0 | D34: =IF(A34="","",SUMIFS(tblSales[ยอดขาย (บาท)],tblSales[เมนู],A34,tblSales[วันที่],">="&$B$4,tblSales[วันที่],"<="&$D$4)) -> 0 | E34: =IF(A34="","",SUMIFS(tblSales[ต้นทุนรวม (บาท)],tblSales[เมนู],A34,tblSales[วันที่],">="&$B$4,tblSales[วันที่],"<="&$D$4)) -> 0 | F34: =IF(A34="","",D34-E34) -> 0 | G34: =IF(A34="","",IFERROR(F34/D34,0)) -> 0 | H34: =IF(A34="","",IFERROR(D34/$B$8,0)) -> 0
A35: =IF(Lists!$A$21="","",Lists!$A$21) -> Green Cream Cheese | B35: =IF(A35="","",Lists!$B$21) -> ชาเขียวครีมชีสโฟม | C35: =IF(A35="","",SUMIFS(tblSales[จำนวนแก้ว],tblSales[เมนู],A35,tblSales[วันที่],">="&$B$4,tblSales[วันที่],"<="&$D$4)) -> 0 | D35: =IF(A35="","",SUMIFS(tblSales[ยอดขาย (บาท)],tblSales[เมนู],A35,tblSales[วันที่],">="&$B$4,tblSales[วันที่],"<="&$D$4)) -> 0 | E35: =IF(A35="","",SUMIFS(tblSales[ต้นทุนรวม (บาท)],tblSales[เมนู],A35,tblSales[วันที่],">="&$B$4,tblSales[วันที่],"<="&$D$4)) -> 0 | F35: =IF(A35="","",D35-E35) -> 0 | G35: =IF(A35="","",IFERROR(F35/D35,0)) -> 0 | H35: =IF(A35="","",IFERROR(D35/$B$8,0)) -> 0
A36: =IF(Lists!$A$22="","",Lists!$A$22) -> Pure Matcha Premium | B36: =IF(A36="","",Lists!$B$22) -> เพียวมัทฉะ (มัทฉะน้ำใส) | C36: =IF(A36="","",SUMIFS(tblSales[จำนวนแก้ว],tblSales[เมนู],A36,tblSales[วันที่],">="&$B$4,tblSales[วันที่],"<="&$D$4)) -> 0 | D36: =IF(A36="","",SUMIFS(tblSales[ยอดขาย (บาท)],tblSales[เมนู],A36,tblSales[วันที่],">="&$B$4,tblSales[วันที่],"<="&$D$4)) -> 0 | E36: =IF(A36="","",SUMIFS(tblSales[ต้นทุนรวม (บาท)],tblSales[เมนู],A36,tblSales[วันที่],">="&$B$4,tblSales[วันที่],"<="&$D$4)) -> 0 | F36: =IF(A36="","",D36-E36) -> 0 | G36: =IF(A36="","",IFERROR(F36/D36,0)) -> 0 | H36: =IF(A36="","",IFERROR(D36/$B$8,0)) -> 0
A37: =IF(Lists!$A$23="","",Lists!$A$23) -> Matcha Latte Premium | B37: =IF(A37="","",Lists!$B$23) -> มัทฉะลาเต้พรีเมียม | C37: =IF(A37="","",SUMIFS(tblSales[จำนวนแก้ว],tblSales[เมนู],A37,tblSales[วันที่],">="&$B$4,tblSales[วันที่],"<="&$D$4)) -> 0 | D37: =IF(A37="","",SUMIFS(tblSales[ยอดขาย (บาท)],tblSales[เมนู],A37,tblSales[วันที่],">="&$B$4,tblSales[วันที่],"<="&$D$4)) -> 0 | E37: =IF(A37="","",SUMIFS(tblSales[ต้นทุนรวม (บาท)],tblSales[เมนู],A37,tblSales[วันที่],">="&$B$4,tblSales[วันที่],"<="&$D$4)) -> 0 | F37: =IF(A37="","",D37-E37) -> 0 | G37: =IF(A37="","",IFERROR(F37/D37,0)) -> 0 | H37: =IF(A37="","",IFERROR(D37/$B$8,0)) -> 0
A38: =IF(Lists!$A$24="","",Lists!$A$24) -> Matcha Coconut Premium | B38: =IF(A38="","",Lists!$B$24) -> มัทฉะน้ำมะพร้าวพรีเมียม | C38: =IF(A38="","",SUMIFS(tblSales[จำนวนแก้ว],tblSales[เมนู],A38,tblSales[วันที่],">="&$B$4,tblSales[วันที่],"<="&$D$4)) -> 0 | D38: =IF(A38="","",SUMIFS(tblSales[ยอดขาย (บาท)],tblSales[เมนู],A38,tblSales[วันที่],">="&$B$4,tblSales[วันที่],"<="&$D$4)) -> 0 | E38: =IF(A38="","",SUMIFS(tblSales[ต้นทุนรวม (บาท)],tblSales[เมนู],A38,tblSales[วันที่],">="&$B$4,tblSales[วันที่],"<="&$D$4)) -> 0 | F38: =IF(A38="","",D38-E38) -> 0 | G38: =IF(A38="","",IFERROR(F38/D38,0)) -> 0 | H38: =IF(A38="","",IFERROR(D38/$B$8,0)) -> 0
A39: =IF(Lists!$A$25="","",Lists!$A$25) -> Matcha Strawberry Premium | B39: =IF(A39="","",Lists!$B$25) -> สตรอว์เบอร์รี่มัทฉะลาเต้พรีเมียม | C39: =IF(A39="","",SUMIFS(tblSales[จำนวนแก้ว],tblSales[เมนู],A39,tblSales[วันที่],">="&$B$4,tblSales[วันที่],"<="&$D$4)) -> 0 | D39: =IF(A39="","",SUMIFS(tblSales[ยอดขาย (บาท)],tblSales[เมนู],A39,tblSales[วันที่],">="&$B$4,tblSales[วันที่],"<="&$D$4)) -> 0 | E39: =IF(A39="","",SUMIFS(tblSales[ต้นทุนรวม (บาท)],tblSales[เมนู],A39,tblSales[วันที่],">="&$B$4,tblSales[วันที่],"<="&$D$4)) -> 0 | F39: =IF(A39="","",D39-E39) -> 0 | G39: =IF(A39="","",IFERROR(F39/D39,0)) -> 0 | H39: =IF(A39="","",IFERROR(D39/$B$8,0)) -> 0
A40: ="รวม" -> รวม | C40: =SUM(C16:C39) -> 0 | D40: =SUM(D16:D39) -> 0 | E40: =SUM(E16:E39) -> 0 | F40: =SUM(F16:F39) -> 0 | G40: =IFERROR(F40/D40,0) -> 0 | H40: =IFERROR(D40/$B$8,0) -> 0
A42: ยอดขายรายวัน 7 วันล่าสุด
A43: วันที่ | B43: แก้ว | C43: ยอดขาย (บาท) | D43: กำไร (บาท) | E43: GP %
A44: =TODAY()-6 -> 46276 | B44: =SUMIFS(tblSales[จำนวนแก้ว],tblSales[วันที่],A44) -> 0 | C44: =SUMIFS(tblSales[ยอดขาย (บาท)],tblSales[วันที่],A44) -> 0 | D44: =SUMIFS(tblSales[กำไร (บาท)],tblSales[วันที่],A44) -> 0 | E44: =IFERROR(D44/C44,0) -> 0
A45: =TODAY()-5 -> 46277 | B45: =SUMIFS(tblSales[จำนวนแก้ว],tblSales[วันที่],A45) -> 0 | C45: =SUMIFS(tblSales[ยอดขาย (บาท)],tblSales[วันที่],A45) -> 0 | D45: =SUMIFS(tblSales[กำไร (บาท)],tblSales[วันที่],A45) -> 0 | E45: =IFERROR(D45/C45,0) -> 0
A46: =TODAY()-4 -> 46278 | B46: =SUMIFS(tblSales[จำนวนแก้ว],tblSales[วันที่],A46) -> 0 | C46: =SUMIFS(tblSales[ยอดขาย (บาท)],tblSales[วันที่],A46) -> 0 | D46: =SUMIFS(tblSales[กำไร (บาท)],tblSales[วันที่],A46) -> 0 | E46: =IFERROR(D46/C46,0) -> 0
A47: =TODAY()-3 -> 46279 | B47: =SUMIFS(tblSales[จำนวนแก้ว],tblSales[วันที่],A47) -> 0 | C47: =SUMIFS(tblSales[ยอดขาย (บาท)],tblSales[วันที่],A47) -> 0 | D47: =SUMIFS(tblSales[กำไร (บาท)],tblSales[วันที่],A47) -> 0 | E47: =IFERROR(D47/C47,0) -> 0
A48: =TODAY()-2 -> 46280 | B48: =SUMIFS(tblSales[จำนวนแก้ว],tblSales[วันที่],A48) -> 0 | C48: =SUMIFS(tblSales[ยอดขาย (บาท)],tblSales[วันที่],A48) -> 0 | D48: =SUMIFS(tblSales[กำไร (บาท)],tblSales[วันที่],A48) -> 0 | E48: =IFERROR(D48/C48,0) -> 0
A49: =TODAY()-1 -> 46281 | B49: =SUMIFS(tblSales[จำนวนแก้ว],tblSales[วันที่],A49) -> 0 | C49: =SUMIFS(tblSales[ยอดขาย (บาท)],tblSales[วันที่],A49) -> 0 | D49: =SUMIFS(tblSales[กำไร (บาท)],tblSales[วันที่],A49) -> 0 | E49: =IFERROR(D49/C49,0) -> 0
A50: =TODAY()-0 -> 46282 | B50: =SUMIFS(tblSales[จำนวนแก้ว],tblSales[วันที่],A50) -> 0 | C50: =SUMIFS(tblSales[ยอดขาย (บาท)],tblSales[วันที่],A50) -> 0 | D50: =SUMIFS(tblSales[กำไร (บาท)],tblSales[วันที่],A50) -> 0 | E50: =IFERROR(D50/C50,0) -> 0

Sheet คำนวณสูตร
B2: DA-YO Recipe Calculator
B3: เลือกเมนู → ขนาด → ระดับความหวาน ระบบจะคำนวณสูตร ต้นทุน และกำไรให้อัตโนมัติ
B5: เมนู | C5: Original | D5: =IFERROR(INDEX(Lists!$B$2:$B$60,MATCH($C$5,Lists!$A$2:$A$60,0)),"") -> ชาไทยเย็น
B6: ขนาด (oz) | C6: 20 oz
B7: ระดับความหวาน | C7: 50%
B9: หมายเหตุ: | C9: =IFERROR(INDEX(ตารางรวม!Y:Y,MATCH($C$5&"|"&$C$6&"|"&$C$7,ตารางรวม!$Z:$Z,0)),"") -> [20 oz = 16 oz x 1.25] แก้: เพิ่มชาเบส 100→130 ml และคุมของเหลวรวมเป็น ~190 ml (เดิม 145–160 ml น้อยเกินไป แก้ไม่เต็ม ลูกค้าเห็นชัดตอนรับแก้ว) · รอบ 6: เบสชาไทยไม่มีน้ำตาลแล้ว จึงเติมน้ำเชื่อม 1:1 ชดเชย = 0.128 × ปริมาณเบสชา เพื่อให้ความหวานเท่าสูตรเดิม
B12: ส่วนผสม | C12: ปริมาณ | D12: หน่วย
B13: ชาไทยเบส | C13: =IFERROR(INDEX(ตารางรวม!D:D,MATCH($C$5&"|"&$C$6&"|"&$C$7,ตารางรวม!$Z:$Z,0)),"-") -> 162.5 | D13: ml
B14: ชาเขียวเบส | C14: =IFERROR(INDEX(ตารางรวม!E:E,MATCH($C$5&"|"&$C$6&"|"&$C$7,ตารางรวม!$Z:$Z,0)),"-") -> 0 | D14: ml
B15: นมสด | C15: =IFERROR(INDEX(ตารางรวม!F:F,MATCH($C$5&"|"&$C$6&"|"&$C$7,ตารางรวม!$Z:$Z,0)),"-") -> 0 | D15: ml
B16: นมข้นจืด | C16: =IFERROR(INDEX(ตารางรวม!G:G,MATCH($C$5&"|"&$C$6&"|"&$C$7,ตารางรวม!$Z:$Z,0)),"-") -> 57.5 | D16: ml
B17: นมข้นหวาน | C17: =IFERROR(INDEX(ตารางรวม!H:H,MATCH($C$5&"|"&$C$6&"|"&$C$7,ตารางรวม!$Z:$Z,0)),"-") -> 20 | D17: ml
B18: น้ำเชื่อม 1:1 | C18: =IFERROR(INDEX(ตารางรวม!I:I,MATCH($C$5&"|"&$C$6&"|"&$C$7,ตารางรวม!$Z:$Z,0)),"-") -> 20.8 | D18: ml
B19: น้ำผึ้งเจือจาง 2:1 | C19: =IFERROR(INDEX(ตารางรวม!J:J,MATCH($C$5&"|"&$C$6&"|"&$C$7,ตารางรวม!$Z:$Z,0)),"-") -> 0 | D19: ml
B20: โกโก้ผง | C20: =IFERROR(INDEX(ตารางรวม!K:K,MATCH($C$5&"|"&$C$6&"|"&$C$7,ตารางรวม!$Z:$Z,0)),"-") -> 0 | D20: g
B21: น้ำส้มคั้น | C21: =IFERROR(INDEX(ตารางรวม!L:L,MATCH($C$5&"|"&$C$6&"|"&$C$7,ตารางรวม!$Z:$Z,0)),"-") -> 0 | D21: ml
B22: เบสมะพร้าว | C22: =IFERROR(INDEX(ตารางรวม!M:M,MATCH($C$5&"|"&$C$6&"|"&$C$7,ตารางรวม!$Z:$Z,0)),"-") -> 0 | D22: ml
B23: ซอสสตรอว์เบอร์รี่ | C23: =IFERROR(INDEX(ตารางรวม!N:N,MATCH($C$5&"|"&$C$6&"|"&$C$7,ตารางรวม!$Z:$Z,0)),"-") -> 0 | D23: g
B24: น้ำมะนาว | C24: =IFERROR(INDEX(ตารางรวม!O:O,MATCH($C$5&"|"&$C$6&"|"&$C$7,ตารางรวม!$Z:$Z,0)),"-") -> 0 | D24: ml
B25: โซดา | C25: =IFERROR(INDEX(ตารางรวม!P:P,MATCH($C$5&"|"&$C$6&"|"&$C$7,ตารางรวม!$Z:$Z,0)),"-") -> 0 | D25: ml
B26: ครีมชีส / วิปชีสโฟม | C26: =IFERROR(INDEX(ตารางรวม!Q:Q,MATCH($C$5&"|"&$C$6&"|"&$C$7,ตารางรวม!$Z:$Z,0)),"-") -> 0 | D26: g
B27: น้ำแข็ง | C27: =IFERROR(INDEX(ตารางรวม!R:R,MATCH($C$5&"|"&$C$6&"|"&$C$7,ตารางรวม!$Z:$Z,0)),"-") -> 300 | D27: g
B28: มัทฉะช็อต (พรีเมียม) | C28: =IFERROR(INDEX(ตารางรวม!S:S,MATCH($C$5&"|"&$C$6&"|"&$C$7,ตารางรวม!$Z:$Z,0)),"-") -> 0
B29: น้ำดื่ม | C29: =IFERROR(INDEX(ตารางรวม!T:T,MATCH($C$5&"|"&$C$6&"|"&$C$7,ตารางรวม!$Z:$Z,0)),"-") -> 0
B31: ของเหลวรวม | C31: =IFERROR(INDEX(ตารางรวม!U:U,MATCH($C$5&"|"&$C$6&"|"&$C$7,ตารางรวม!$Z:$Z,0)),"-") -> 260.8 | D31: ml
B32: ต้นทุนวัตถุดิบ + บรรจุภัณฑ์ | C32: =IFERROR(INDEX(ตารางรวม!V:V,MATCH($C$5&"|"&$C$6&"|"&$C$7,ตารางรวม!$Z:$Z,0)),"-") -> 18.04 | D32: บาท
B33: ราคาขาย | C33: =IFERROR(INDEX(ตารางรวม!W:W,MATCH($C$5&"|"&$C$6&"|"&$C$7,ตารางรวม!$Z:$Z,0)),"-") -> 50 | D33: บาท | E33: เกณฑ์ GP (แก้ได้)
B34: กำไรขั้นต้นต่อแก้ว | C34: =IFERROR(C33-C32,"") -> 31.96 | D34: บาท | E34: ผ่าน ≥ | F34: 0.6
B35: GP % | C35: =IFERROR(INDEX(ตารางรวม!X:X,MATCH($C$5&"|"&$C$6&"|"&$C$7,ตารางรวม!$Z:$Z,0)),"-") -> 0.6392 | E35: เฝ้าระวัง ≥ | F35: 0.55
B36: เช็ค GP | C36: =IF(C35="-","",IF(C35>=$F$34,"ผ่าน (>="&TEXT($F$34,"0%")&")",IF(C35>=$F$35,"เฝ้าระวัง ("&TEXT($F$35,"0%")&"-"&TEXT($F$34,"0%")&")","ต่ำเกินไป - ปรับราคาหรือสูตร"))) -> ผ่าน (>=60%) | E36: ต่ำกว่านี้ = ปรับราคา/สูตร
B38: วิธีใช้: คลิกช่องสีเขียว (C5, C6, C7) แล้วเลือกจาก Dropdown
B39: แก้ราคาวัตถุดิบ/ราคาขาย ที่ชีต 'ต้นทุนและราคา' · แก้ปริมาณสูตร ที่ชีต 'ข้อมูลสูตร'

Sheet ข้อมูลสูตร
A1: Key | B1: เมนู | C1: ขนาด | D1: ความหวาน | E1: ชาไทยเบส (ml) | F1: ชาเขียวเบส (ml) | G1: นมสด (ml) | H1: นมข้นจืด (ml) | I1: นมข้นหวาน (ml) | J1: น้ำเชื่อม (ml) | K1: น้ำผึ้งเจือจาง (ml) | L1: โกโก้ผง (g) | M1: น้ำส้มคั้น (ml) | N1: เบสมะพร้าว (ml) | O1: ซอสสตรอว์เบอร์รี่ (g) | P1: น้ำมะนาว (ml) | Q1: โซดา (ml) | R1: ครีมชีส/วิปชีส (g) | S1: น้ำแข็ง (g) | T1: มัทฉะช็อต (ml) | U1: น้ำดื่ม (ml) | V1: ของเหลวรวม (ml) | W1: ต้นทุน/แก้ว (บาท) | X1: ราคาขาย (บาท) | Y1: GP % | Z1: หมายเหตุ | AB1: ตัวคูนสเกล 20 oz (เทียบ 16 oz) | AD1: ตัวคูณชดเชยน้ำตาลที่ถอดออกจากเบส (ml น้ำเชื่อม 1:1 ต่อ 1 ml เบสชา)
A2: =IF($B2="","",$B2&"|"&$C2&"|"&$D2) -> Original|16 oz|0% | B2: Original | C2: 16 oz | D2: 0% | E2: 130 | F2: 0 | G2: 0 | H2: 58 | I2: 0 | J2: 0 | K2: 0 | L2: 0 | M2: 0 | N2: 0 | O2: 0 | P2: 0 | Q2: 0 | R2: 0 | S2: 240 | T2: 0 | U2: 0 | V2: =E2+F2+G2+H2+I2+J2+K2+M2+N2+P2+Q2+T2+U2 -> 188 | W2: =ROUND(E2*ต้นทุนและราคา!$C$4+F2*ต้นทุนและราคา!$C$5+G2*ต้นทุนและราคา!$C$6+H2*ต้นทุนและราคา!$C$7+I2*ต้นทุนและราคา!$C$8+J2*ต้นทุนและราคา!$C$9+K2*ต้นทุนและราคา!$C$10+L2*ต้นทุนและราคา!$C$11+M2*ต้นทุนและราคา!$C$12+N2*ต้นทุนและราคา!$C$13+O2*ต้นทุนและราคา!$C$14+P2*ต้นทุนและราคา!$C$15+Q2*ต้นทุนและราคา!$C$16+R2*ต้นทุนและราคา!$C$17+S2*ต้นทุนและราคา!$C$18+T2*ต้นทุนและราคา!$C$19+U2*ต้นทุนและราคา!$C$20+IF($C2="16 oz",ต้นทุนและราคา!$C$21,IF($C2="20 oz",ต้นทุนและราคา!$C$22,ต้นทุนและราคา!$C$23)),2) -> 14.26 | X2: {=IFERROR(INDEX(ต้นทุนและราคา!$C$26:$E$101,MATCH($B2,ต้นทุนและราคา!$A$26:$A$101,0),IF($C2="16 oz",1,IF($C2="20 oz",2,3))),"")} -> 45 | Y2: =IFERROR(($X2-$W2)/$X2,"") -> 0.68311111 | Z2: แก้: เพิ่มชาเบส 100→130 ml และคุมของเหลวรวมเป็น ~190 ml (เดิม 145–160 ml น้อยเกินไป แก้ไม่เต็ม ลูกค้าเห็นชัดตอนรับแก้ว) · รอบ 6: เบสชาไทยไม่มีน้ำตาลแล้ว — ระดับ 0% จึงไม่มีน้ำตาลเพิ่มจริง (เดิมยังมีน้ำตาลจากเบส ~10 g) รสจะเปลี่ยนจากเดิม | AB2: 1.25 | AD2: 0.128
A3: =IF($B3="","",$B3&"|"&$C3&"|"&$D3) -> Original|16 oz|25% | B3: Original | C3: 16 oz | D3: 25% | E3: 130 | F3: 0 | G3: 0 | H3: 52 | I3: 8 | J3: 16.6 | K3: 0 | L3: 0 | M3: 0 | N3: 0 | O3: 0 | P3: 0 | Q3: 0 | R3: 0 | S3: 240 | T3: 0 | U3: 0 | V3: =E3+F3+G3+H3+I3+J3+K3+M3+N3+P3+Q3+T3+U3 -> 206.6 | W3: =ROUND(E3*ต้นทุนและราคา!$C$4+F3*ต้นทุนและราคา!$C$5+G3*ต้นทุนและราคา!$C$6+H3*ต้นทุนและราคา!$C$7+I3*ต้นทุนและราคา!$C$8+J3*ต้นทุนและราคา!$C$9+K3*ต้นทุนและราคา!$C$10+L3*ต้นทุนและราคา!$C$11+M3*ต้นทุนและราคา!$C$12+N3*ต้นทุนและราคา!$C$13+O3*ต้นทุนและราคา!$C$14+P3*ต้นทุนและราคา!$C$15+Q3*ต้นทุนและราคา!$C$16+R3*ต้นทุนและราคา!$C$17+S3*ต้นทุนและราคา!$C$18+T3*ต้นทุนและราคา!$C$19+U3*ต้นทุนและราคา!$C$20+IF($C3="16 oz",ต้นทุนและราคา!$C$21,IF($C3="20 oz",ต้นทุนและราคา!$C$22,ต้นทุนและราคา!$C$23)),2) -> 14.64 | X3: {=IFERROR(INDEX(ต้นทุนและราคา!$C$26:$E$101,MATCH($B3,ต้นทุนและราคา!$A$26:$A$101,0),IF($C3="16 oz",1,IF($C3="20 oz",2,3))),"")} -> 45 | Y3: =IFERROR(($X3-$W3)/$X3,"") -> 0.67466667 | Z3: แก้: เพิ่มชาเบส 100→130 ml และคุมของเหลวรวมเป็น ~190 ml (เดิม 145–160 ml น้อยเกินไป แก้ไม่เต็ม ลูกค้าเห็นชัดตอนรับแก้ว) · รอบ 6: เบสชาไทยไม่มีน้ำตาลแล้ว จึงเติมน้ำเชื่อม 1:1 ชดเชย = 0.128 × ปริมาณเบสชา เพื่อให้ความหวานเท่าสูตรเดิม
A4: =IF($B4="","",$B4&"|"&$C4&"|"&$D4) -> Original|16 oz|50% | B4: Original | C4: 16 oz | D4: 50% | E4: 130 | F4: 0 | G4: 0 | H4: 46 | I4: 16 | J4: 16.6 | K4: 0 | L4: 0 | M4: 0 | N4: 0 | O4: 0 | P4: 0 | Q4: 0 | R4: 0 | S4: 240 | T4: 0 | U4: 0 | V4: =E4+F4+G4+H4+I4+J4+K4+M4+N4+P4+Q4+T4+U4 -> 208.6 | W4: =ROUND(E4*ต้นทุนและราคา!$C$4+F4*ต้นทุนและราคา!$C$5+G4*ต้นทุนและราคา!$C$6+H4*ต้นทุนและราคา!$C$7+I4*ต้นทุนและราคา!$C$8+J4*ต้นทุนและราคา!$C$9+K4*ต้นทุนและราคา!$C$10+L4*ต้นทุนและราคา!$C$11+M4*ต้นทุนและราคา!$C$12+N4*ต้นทุนและราคา!$C$13+O4*ต้นทุนและราคา!$C$14+P4*ต้นทุนและราคา!$C$15+Q4*ต้นทุนและราคา!$C$16+R4*ต้นทุนและราคา!$C$17+S4*ต้นทุนและราคา!$C$18+T4*ต้นทุนและราคา!$C$19+U4*ต้นทุนและราคา!$C$20+IF($C4="16 oz",ต้นทุนและราคา!$C$21,IF($C4="20 oz",ต้นทุนและราคา!$C$22,ต้นทุนและราคา!$C$23)),2) -> 14.75 | X4: {=IFERROR(INDEX(ต้นทุนและราคา!$C$26:$E$101,MATCH($B4,ต้นทุนและราคา!$A$26:$A$101,0),IF($C4="16 oz",1,IF($C4="20 oz",2,3))),"")} -> 45 | Y4: =IFERROR(($X4-$W4)/$X4,"") -> 0.67222222 | Z4: แก้: เพิ่มชาเบส 100→130 ml และคุมของเหลวรวมเป็น ~190 ml (เดิม 145–160 ml น้อยเกินไป แก้ไม่เต็ม ลูกค้าเห็นชัดตอนรับแก้ว) · รอบ 6: เบสชาไทยไม่มีน้ำตาลแล้ว จึงเติมน้ำเชื่อม 1:1 ชดเชย = 0.128 × ปริมาณเบสชา เพื่อให้ความหวานเท่าสูตรเดิม
A5: =IF($B5="","",$B5&"|"&$C5&"|"&$D5) -> Original|16 oz|75% | B5: Original | C5: 16 oz | D5: 75% | E5: 130 | F5: 0 | G5: 0 | H5: 40 | I5: 24 | J5: 16.6 | K5: 0 | L5: 0 | M5: 0 | N5: 0 | O5: 0 | P5: 0 | Q5: 0 | R5: 0 | S5: 240 | T5: 0 | U5: 0 | V5: =E5+F5+G5+H5+I5+J5+K5+M5+N5+P5+Q5+T5+U5 -> 210.6 | W5: =ROUND(E5*ต้นทุนและราคา!$C$4+F5*ต้นทุนและราคา!$C$5+G5*ต้นทุนและราคา!$C$6+H5*ต้นทุนและราคา!$C$7+I5*ต้นทุนและราคา!$C$8+J5*ต้นทุนและราคา!$C$9+K5*ต้นทุนและราคา!$C$10+L5*ต้นทุนและราคา!$C$11+M5*ต้นทุนและราคา!$C$12+N5*ต้นทุนและราคา!$C$13+O5*ต้นทุนและราคา!$C$14+P5*ต้นทุนและราคา!$C$15+Q5*ต้นทุนและราคา!$C$16+R5*ต้นทุนและราคา!$C$17+S5*ต้นทุนและราคา!$C$18+T5*ต้นทุนและราคา!$C$19+U5*ต้นทุนและราคา!$C$20+IF($C5="16 oz",ต้นทุนและราคา!$C$21,IF($C5="20 oz",ต้นทุนและราคา!$C$22,ต้นทุนและราคา!$C$23)),2) -> 14.86 | X5: {=IFERROR(INDEX(ต้นทุนและราคา!$C$26:$E$101,MATCH($B5,ต้นทุนและราคา!$A$26:$A$101,0),IF($C5="16 oz",1,IF($C5="20 oz",2,3))),"")} -> 45 | Y5: =IFERROR(($X5-$W5)/$X5,"") -> 0.66977778 | Z5: แก้: เพิ่มชาเบส 100→130 ml และคุมของเหลวรวมเป็น ~190 ml (เดิม 145–160 ml น้อยเกินไป แก้ไม่เต็ม ลูกค้าเห็นชัดตอนรับแก้ว) · รอบ 6: เบสชาไทยไม่มีน้ำตาลแล้ว จึงเติมน้ำเชื่อม 1:1 ชดเชย = 0.128 × ปริมาณเบสชา เพื่อให้ความหวานเท่าสูตรเดิม
A6: =IF($B6="","",$B6&"|"&$C6&"|"&$D6) -> Original|16 oz|100% | B6: Original | C6: 16 oz | D6: 100% | E6: 130 | F6: 0 | G6: 0 | H6: 34 | I6: 32 | J6: 16.6 | K6: 0 | L6: 0 | M6: 0 | N6: 0 | O6: 0 | P6: 0 | Q6: 0 | R6: 0 | S6: 240 | T6: 0 | U6: 0 | V6: =E6+F6+G6+H6+I6+J6+K6+M6+N6+P6+Q6+T6+U6 -> 212.6 | W6: =ROUND(E6*ต้นทุนและราคา!$C$4+F6*ต้นทุนและราคา!$C$5+G6*ต้นทุนและราคา!$C$6+H6*ต้นทุนและราคา!$C$7+I6*ต้นทุนและราคา!$C$8+J6*ต้นทุนและราคา!$C$9+K6*ต้นทุนและราคา!$C$10+L6*ต้นทุนและราคา!$C$11+M6*ต้นทุนและราคา!$C$12+N6*ต้นทุนและราคา!$C$13+O6*ต้นทุนและราคา!$C$14+P6*ต้นทุนและราคา!$C$15+Q6*ต้นทุนและราคา!$C$16+R6*ต้นทุนและราคา!$C$17+S6*ต้นทุนและราคา!$C$18+T6*ต้นทุนและราคา!$C$19+U6*ต้นทุนและราคา!$C$20+IF($C6="16 oz",ต้นทุนและราคา!$C$21,IF($C6="20 oz",ต้นทุนและราคา!$C$22,ต้นทุนและราคา!$C$23)),2) -> 14.97 | X6: {=IFERROR(INDEX(ต้นทุนและราคา!$C$26:$E$101,MATCH($B6,ต้นทุนและราคา!$A$26:$A$101,0),IF($C6="16 oz",1,IF($C6="20 oz",2,3))),"")} -> 45 | Y6: =IFERROR(($X6-$W6)/$X6,"") -> 0.66733333 | Z6: แก้: เพิ่มชาเบส 100→130 ml และคุมของเหลวรวมเป็น ~190 ml (เดิม 145–160 ml น้อยเกินไป แก้ไม่เต็ม ลูกค้าเห็นชัดตอนรับแก้ว) · รอบ 6: เบสชาไทยไม่มีน้ำตาลแล้ว จึงเติมน้ำเชื่อม 1:1 ชดเชย = 0.128 × ปริมาณเบสชา เพื่อให้ความหวานเท่าสูตรเดิม
A7: =IF($B7="","",$B7&"|"&$C7&"|"&$D7) -> Original|22 oz|0% | B7: Original | C7: 22 oz | D7: 0% | E7: 179 | F7: 0 | G7: 0 | H7: 80 | I7: 0 | J7: 0 | K7: 0 | L7: 0 | M7: 0 | N7: 0 | O7: 0 | P7: 0 | Q7: 0 | R7: 0 | S7: 330 | T7: 0 | U7: 0 | V7: =E7+F7+G7+H7+I7+J7+K7+M7+N7+P7+Q7+T7+U7 -> 259 | W7: =ROUND(E7*ต้นทุนและราคา!$C$4+F7*ต้นทุนและราคา!$C$5+G7*ต้นทุนและราคา!$C$6+H7*ต้นทุนและราคา!$C$7+I7*ต้นทุนและราคา!$C$8+J7*ต้นทุนและราคา!$C$9+K7*ต้นทุนและราคา!$C$10+L7*ต้นทุนและราคา!$C$11+M7*ต้นทุนและราคา!$C$12+N7*ต้นทุนและราคา!$C$13+O7*ต้นทุนและราคา!$C$14+P7*ต้นทุนและราคา!$C$15+Q7*ต้นทุนและราคา!$C$16+R7*ต้นทุนและราคา!$C$17+S7*ต้นทุนและราคา!$C$18+T7*ต้นทุนและราคา!$C$19+U7*ต้นทุนและราคา!$C$20+IF($C7="16 oz",ต้นทุนและราคา!$C$21,IF($C7="20 oz",ต้นทุนและราคา!$C$22,ต้นทุนและราคา!$C$23)),2) -> 18.93 | X7: {=IFERROR(INDEX(ต้นทุนและราคา!$C$26:$E$101,MATCH($B7,ต้นทุนและราคา!$A$26:$A$101,0),IF($C7="16 oz",1,IF($C7="20 oz",2,3))),"")} -> 55 | Y7: =IFERROR(($X7-$W7)/$X7,"") -> 0.65581818 | Z7: แก้: เพิ่มชาเบส 100→130 ml และคุมของเหลวรวมเป็น ~190 ml (เดิม 145–160 ml น้อยเกินไป แก้ไม่เต็ม ลูกค้าเห็นชัดตอนรับแก้ว) · รอบ 6: เบสชาไทยไม่มีน้ำตาลแล้ว — ระดับ 0% จึงไม่มีน้ำตาลเพิ่มจริง (เดิมยังมีน้ำตาลจากเบส ~10 g) รสจะเปลี่ยนจากเดิม
A8: =IF($B8="","",$B8&"|"&$C8&"|"&$D8) -> Original|22 oz|25% | B8: Original | C8: 22 oz | D8: 25% | E8: 179 | F8: 0 | G8: 0 | H8: 71.5 | I8: 11 | J8: 22.9 | K8: 0 | L8: 0 | M8: 0 | N8: 0 | O8: 0 | P8: 0 | Q8: 0 | R8: 0 | S8: 330 | T8: 0 | U8: 0 | V8: =E8+F8+G8+H8+I8+J8+K8+M8+N8+P8+Q8+T8+U8 -> 284.4 | W8: =ROUND(E8*ต้นทุนและราคา!$C$4+F8*ต้นทุนและราคา!$C$5+G8*ต้นทุนและราคา!$C$6+H8*ต้นทุนและราคา!$C$7+I8*ต้นทุนและราคา!$C$8+J8*ต้นทุนและราคา!$C$9+K8*ต้นทุนและราคา!$C$10+L8*ต้นทุนและราคา!$C$11+M8*ต้นทุนและราคา!$C$12+N8*ต้นทุนและราคา!$C$13+O8*ต้นทุนและราคา!$C$14+P8*ต้นทุนและราคา!$C$15+Q8*ต้นทุนและราคา!$C$16+R8*ต้นทุนและราคา!$C$17+S8*ต้นทุนและราคา!$C$18+T8*ต้นทุนและราคา!$C$19+U8*ต้นทุนและราคา!$C$20+IF($C8="16 oz",ต้นทุนและราคา!$C$21,IF($C8="20 oz",ต้นทุนและราคา!$C$22,ต้นทุนและราคา!$C$23)),2) -> 19.44 | X8: {=IFERROR(INDEX(ต้นทุนและราคา!$C$26:$E$101,MATCH($B8,ต้นทุนและราคา!$A$26:$A$101,0),IF($C8="16 oz",1,IF($C8="20 oz",2,3))),"")} -> 55 | Y8: =IFERROR(($X8-$W8)/$X8,"") -> 0.64654545 | Z8: แก้: เพิ่มชาเบส 100→130 ml และคุมของเหลวรวมเป็น ~190 ml (เดิม 145–160 ml น้อยเกินไป แก้ไม่เต็ม ลูกค้าเห็นชัดตอนรับแก้ว) · รอบ 6: เบสชาไทยไม่มีน้ำตาลแล้ว จึงเติมน้ำเชื่อม 1:1 ชดเชย = 0.128 × ปริมาณเบสชา เพื่อให้ความหวานเท่าสูตรเดิม
A9: =IF($B9="","",$B9&"|"&$C9&"|"&$D9) -> Original|22 oz|50% | B9: Original | C9: 22 oz | D9: 50% | E9: 179 | F9: 0 | G9: 0 | H9: 63 | I9: 22 | J9: 22.9 | K9: 0 | L9: 0 | M9: 0 | N9: 0 | O9: 0 | P9: 0 | Q9: 0 | R9: 0 | S9: 330 | T9: 0 | U9: 0 | V9: =E9+F9+G9+H9+I9+J9+K9+M9+N9+P9+Q9+T9+U9 -> 286.9 | W9: =ROUND(E9*ต้นทุนและราคา!$C$4+F9*ต้นทุนและราคา!$C$5+G9*ต้นทุนและราคา!$C$6+H9*ต้นทุนและราคา!$C$7+I9*ต้นทุนและราคา!$C$8+J9*ต้นทุนและราคา!$C$9+K9*ต้นทุนและราคา!$C$10+L9*ต้นทุนและราคา!$C$11+M9*ต้นทุนและราคา!$C$12+N9*ต้นทุนและราคา!$C$13+O9*ต้นทุนและราคา!$C$14+P9*ต้นทุนและราคา!$C$15+Q9*ต้นทุนและราคา!$C$16+R9*ต้นทุนและราคา!$C$17+S9*ต้นทุนและราคา!$C$18+T9*ต้นทุนและราคา!$C$19+U9*ต้นทุนและราคา!$C$20+IF($C9="16 oz",ต้นทุนและราคา!$C$21,IF($C9="20 oz",ต้นทุนและราคา!$C$22,ต้นทุนและราคา!$C$23)),2) -> 19.57 | X9: {=IFERROR(INDEX(ต้นทุนและราคา!$C$26:$E$101,MATCH($B9,ต้นทุนและราคา!$A$26:$A$101,0),IF($C9="16 oz",1,IF($C9="20 oz",2,3))),"")} -> 55 | Y9: =IFERROR(($X9-$W9)/$X9,"") -> 0.64418182 | Z9: แก้: เพิ่มชาเบส 100→130 ml และคุมของเหลวรวมเป็น ~190 ml (เดิม 145–160 ml น้อยเกินไป แก้ไม่เต็ม ลูกค้าเห็นชัดตอนรับแก้ว) · รอบ 6: เบสชาไทยไม่มีน้ำตาลแล้ว จึงเติมน้ำเชื่อม 1:1 ชดเชย = 0.128 × ปริมาณเบสชา เพื่อให้ความหวานเท่าสูตรเดิม
A10: =IF($B10="","",$B10&"|"&$C10&"|"&$D10) -> Original|22 oz|75% | B10: Original | C10: 22 oz | D10: 75% | E10: 179 | F10: 0 | G10: 0 | H10: 55 | I10: 33 | J10: 22.9 | K10: 0 | L10: 0 | M10: 0 | N10: 0 | O10: 0 | P10: 0 | Q10: 0 | R10: 0 | S10: 330 | T10: 0 | U10: 0 | V10: =E10+F10+G10+H10+I10+J10+K10+M10+N10+P10+Q10+T10+U10 -> 289.9 | W10: =ROUND(E10*ต้นทุนและราคา!$C$4+F10*ต้นทุนและราคา!$C$5+G10*ต้นทุนและราคา!$C$6+H10*ต้นทุนและราคา!$C$7+I10*ต้นทุนและราคา!$C$8+J10*ต้นทุนและราคา!$C$9+K10*ต้นทุนและราคา!$C$10+L10*ต้นทุนและราคา!$C$11+M10*ต้นทุนและราคา!$C$12+N10*ต้นทุนและราคา!$C$13+O10*ต้นทุนและราคา!$C$14+P10*ต้นทุนและราคา!$C$15+Q10*ต้นทุนและราคา!$C$16+R10*ต้นทุนและราคา!$C$17+S10*ต้นทุนและราคา!$C$18+T10*ต้นทุนและราคา!$C$19+U10*ต้นทุนและราคา!$C$20+IF($C10="16 oz",ต้นทุนและราคา!$C$21,IF($C10="20 oz",ต้นทุนและราคา!$C$22,ต้นทุนและราคา!$C$23)),2) -> 19.74 | X10: {=IFERROR(INDEX(ต้นทุนและราคา!$C$26:$E$101,MATCH($B10,ต้นทุนและราคา!$A$26:$A$101,0),IF($C10="16 oz",1,IF($C10="20 oz",2,3))),"")} -> 55 | Y10: =IFERROR(($X10-$W10)/$X10,"") -> 0.64109091 | Z10: แก้: เพิ่มชาเบส 100→130 ml และคุมของเหลวรวมเป็น ~190 ml (เดิม 145–160 ml น้อยเกินไป แก้ไม่เต็ม ลูกค้าเห็นชัดตอนรับแก้ว) · รอบ 6: เบสชาไทยไม่มีน้ำตาลแล้ว จึงเติมน้ำเชื่อม 1:1 ชดเชย = 0.128 × ปริมาณเบสชา เพื่อให้ความหวานเท่าสูตรเดิม
A11: =IF($B11="","",$B11&"|"&$C11&"|"&$D11) -> Original|22 oz|100% | B11: Original | C11: 22 oz | D11: 100% | E11: 179 | F11: 0 | G11: 0 | H11: 47 | I11: 44 | J11: 22.9 | K11: 0 | L11: 0 | M11: 0 | N11: 0 | O11: 0 | P11: 0 | Q11: 0 | R11: 0 | S11: 330 | T11: 0 | U11: 0 | V11: =E11+F11+G11+H11+I11+J11+K11+M11+N11+P11+Q11+T11+U11 -> 292.9 | W11: =ROUND(E11*ต้นทุนและราคา!$C$4+F11*ต้นทุนและราคา!$C$5+G11*ต้นทุนและราคา!$C$6+H11*ต้นทุนและราคา!$C$7+I11*ต้นทุนและราคา!$C$8+J11*ต้นทุนและราคา!$C$9+K11*ต้นทุนและราคา!$C$10+L11*ต้นทุนและราคา!$C$11+M11*ต้นทุนและราคา!$C$12+N11*ต้นทุนและราคา!$C$13+O11*ต้นทุนและราคา!$C$14+P11*ต้นทุนและราคา!$C$15+Q11*ต้นทุนและราคา!$C$16+R11*ต้นทุนและราคา!$C$17+S11*ต้นทุนและราคา!$C$18+T11*ต้นทุนและราคา!$C$19+U11*ต้นทุนและราคา!$C$20+IF($C11="16 oz",ต้นทุนและราคา!$C$21,IF($C11="20 oz",ต้นทุนและราคา!$C$22,ต้นทุนและราคา!$C$23)),2) -> 19.91 | X11: {=IFERROR(INDEX(ต้นทุนและราคา!$C$26:$E$101,MATCH($B11,ต้นทุนและราคา!$A$26:$A$101,0),IF($C11="16 oz",1,IF($C11="20 oz",2,3))),"")} -> 55 | Y11: =IFERROR(($X11-$W11)/$X11,"") -> 0.638 | Z11: แก้: เพิ่มชาเบส 100→130 ml และคุมของเหลวรวมเป็น ~190 ml (เดิม 145–160 ml น้อยเกินไป แก้ไม่เต็ม ลูกค้าเห็นชัดตอนรับแก้ว) · รอบ 6: เบสชาไทยไม่มีน้ำตาลแล้ว จึงเติมน้ำเชื่อม 1:1 ชดเชย = 0.128 × ปริมาณเบสชา เพื่อให้ความหวานเท่าสูตรเดิม
A12: =IF($B12="","",$B12&"|"&$C12&"|"&$D12) -> Latte|16 oz|0% | B12: Latte | C12: 16 oz | D12: 0% | E12: 130 | F12: 0 | G12: 50 | H12: 20 | I12: 0 | J12: 0 | K12: 0 | L12: 0 | M12: 0 | N12: 0 | O12: 0 | P12: 0 | Q12: 0 | R12: 0 | S12: 240 | T12: 0 | U12: 0 | V12: =E12+F12+G12+H12+I12+J12+K12+M12+N12+P12+Q12+T12+U12 -> 200 | W12: =ROUND(E12*ต้นทุนและราคา!$C$4+F12*ต้นทุนและราคา!$C$5+G12*ต้นทุนและราคา!$C$6+H12*ต้นทุนและราคา!$C$7+I12*ต้นทุนและราคา!$C$8+J12*ต้นทุนและราคา!$C$9+K12*ต้นทุนและราคา!$C$10+L12*ต้นทุนและราคา!$C$11+M12*ต้นทุนและราคา!$C$12+N12*ต้นทุนและราคา!$C$13+O12*ต้นทุนและราคา!$C$14+P12*ต้นทุนและราคา!$C$15+Q12*ต้นทุนและราคา!$C$16+R12*ต้นทุนและราคา!$C$17+S12*ต้นทุนและราคา!$C$18+T12*ต้นทุนและราคา!$C$19+U12*ต้นทุนและราคา!$C$20+IF($C12="16 oz",ต้นทุนและราคา!$C$21,IF($C12="20 oz",ต้นทุนและราคา!$C$22,ต้นทุนและราคา!$C$23)),2) -> 13.84 | X12: {=IFERROR(INDEX(ต้นทุนและราคา!$C$26:$E$101,MATCH($B12,ต้นทุนและราคา!$A$26:$A$101,0),IF($C12="16 oz",1,IF($C12="20 oz",2,3))),"")} -> 50 | Y12: =IFERROR(($X12-$W12)/$X12,"") -> 0.7232 | Z12: แก้: เปลี่ยนตัวให้ความหวานจากนมข้นหวาน→น้ำเชื่อม (เมนูชูนมสดไม่ควรเติมนมข้นซ้อนนม) และเพิ่มชาเบส 60→130 ml เพราะไม่มีไขมันครีมเทียมพยุงรสชา · รอบ 6: เบสชาไทยไม่มีน้ำตาลแล้ว — ระดับ 0% จึงไม่มีน้ำตาลเพิ่มจริง (เดิมยังมีน้ำตาลจากเบส ~10 g) รสจะเปลี่ยนจากเดิม
A13: =IF($B13="","",$B13&"|"&$C13&"|"&$D13) -> Latte|16 oz|25% | B13: Latte | C13: 16 oz | D13: 25% | E13: 130 | F13: 0 | G13: 30.4 | H13: 20 | I13: 0 | J13: 23.6 | K13: 0 | L13: 0 | M13: 0 | N13: 0 | O13: 0 | P13: 0 | Q13: 0 | R13: 0 | S13: 240 | T13: 0 | U13: 0 | V13: =E13+F13+G13+H13+I13+J13+K13+M13+N13+P13+Q13+T13+U13 -> 204 | W13: =ROUND(E13*ต้นทุนและราคา!$C$4+F13*ต้นทุนและราคา!$C$5+G13*ต้นทุนและราคา!$C$6+H13*ต้นทุนและราคา!$C$7+I13*ต้นทุนและราคา!$C$8+J13*ต้นทุนและราคา!$C$9+K13*ต้นทุนและราคา!$C$10+L13*ต้นทุนและราคา!$C$11+M13*ต้นทุนและราคา!$C$12+N13*ต้นทุนและราคา!$C$13+O13*ต้นทุนและราคา!$C$14+P13*ต้นทุนและราคา!$C$15+Q13*ต้นทุนและราคา!$C$16+R13*ต้นทุนและราคา!$C$17+S13*ต้นทุนและราคา!$C$18+T13*ต้นทุนและราคา!$C$19+U13*ต้นทุนและราคา!$C$20+IF($C13="16 oz",ต้นทุนและราคา!$C$21,IF($C13="20 oz",ต้นทุนและราคา!$C$22,ต้นทุนและราคา!$C$23)),2) -> 13.3 | X13: {=IFERROR(INDEX(ต้นทุนและราคา!$C$26:$E$101,MATCH($B13,ต้นทุนและราคา!$A$26:$A$101,0),IF($C13="16 oz",1,IF($C13="20 oz",2,3))),"")} -> 50 | Y13: =IFERROR(($X13-$W13)/$X13,"") -> 0.734 | Z13: แก้: เปลี่ยนตัวให้ความหวานจากนมข้นหวาน→น้ำเชื่อม (เมนูชูนมสดไม่ควรเติมนมข้นซ้อนนม) และเพิ่มชาเบส 60→130 ml เพราะไม่มีไขมันครีมเทียมพยุงรสชา · รอบ 6: เบสชาไทยไม่มีน้ำตาลแล้ว จึงเติมน้ำเชื่อม 1:1 ชดเชย และลด นมสด ลงเท่ากัน เพื่อคุมปริมาตรแก้วให้เท่าเดิม
A14: =IF($B14="","",$B14&"|"&$C14&"|"&$D14) -> Latte|16 oz|50% | B14: Latte | C14: 16 oz | D14: 50% | E14: 130 | F14: 0 | G14: 27.4 | H14: 20 | I14: 0 | J14: 30.6 | K14: 0 | L14: 0 | M14: 0 | N14: 0 | O14: 0 | P14: 0 | Q14: 0 | R14: 0 | S14: 240 | T14: 0 | U14: 0 | V14: =E14+F14+G14+H14+I14+J14+K14+M14+N14+P14+Q14+T14+U14 -> 208 | W14: =ROUND(E14*ต้นทุนและราคา!$C$4+F14*ต้นทุนและราคา!$C$5+G14*ต้นทุนและราคา!$C$6+H14*ต้นทุนและราคา!$C$7+I14*ต้นทุนและราคา!$C$8+J14*ต้นทุนและราคา!$C$9+K14*ต้นทุนและราคา!$C$10+L14*ต้นทุนและราคา!$C$11+M14*ต้นทุนและราคา!$C$12+N14*ต้นทุนและราคา!$C$13+O14*ต้นทุนและราคา!$C$14+P14*ต้นทุนและราคา!$C$15+Q14*ต้นทุนและราคา!$C$16+R14*ต้นทุนและราคา!$C$17+S14*ต้นทุนและราคา!$C$18+T14*ต้นทุนและราคา!$C$19+U14*ต้นทุนและราคา!$C$20+IF($C14="16 oz",ต้นทุนและราคา!$C$21,IF($C14="20 oz",ต้นทุนและราคา!$C$22,ต้นทุนและราคา!$C$23)),2) -> 13.27 | X14: {=IFERROR(INDEX(ต้นทุนและราคา!$C$26:$E$101,MATCH($B14,ต้นทุนและราคา!$A$26:$A$101,0),IF($C14="16 oz",1,IF($C14="20 oz",2,3))),"")} -> 50 | Y14: =IFERROR(($X14-$W14)/$X14,"") -> 0.7346 | Z14: แก้: เปลี่ยนตัวให้ความหวานจากนมข้นหวาน→น้ำเชื่อม (เมนูชูนมสดไม่ควรเติมนมข้นซ้อนนม) และเพิ่มชาเบส 60→130 ml เพราะไม่มีไขมันครีมเทียมพยุงรสชา · รอบ 6: เบสชาไทยไม่มีน้ำตาลแล้ว จึงเติมน้ำเชื่อม 1:1 ชดเชย และลด นมสด ลงเท่ากัน เพื่อคุมปริมาตรแก้วให้เท่าเดิม
... A112: =IF($B112="","",$B112&"|"&$C112&"|"&$D112) -> Green Tea|16 oz|0% | B112: Green Tea | C112: 16 oz | D112: 0% | E112: 0 | F112: 135 | G112: 0 | H112: 56 | I112: 0 | J112: 0 | K112: 0 | L112: 0 | M112: 0 | N112: 0 | O112: 0 | P112: 0 | Q112: 0 | R112: 0 | S112: 240 | T112: 0 | U112: 0 | V112: =E112+F112+G112+H112+I112+J112+K112+M112+N112+P112+Q112+T112+U112 -> 191 | W112: =ROUND(E112*ต้นทุนและราคา!$C$4+F112*ต้นทุนและราคา!$C$5+G112*ต้นทุนและราคา!$C$6+H112*ต้นทุนและราคา!$C$7+I112*ต้นทุนและราคา!$C$8+J112*ต้นทุนและราคา!$C$9+K112*ต้นทุนและราคา!$C$10+L112*ต้นทุนและราคา!$C$11+M112*ต้นทุนและราคา!$C$12+N112*ต้นทุนและราคา!$C$13+O112*ต้นทุนและราคา!$C$14+P112*ต้นทุนและราคา!$C$15+Q112*ต้นทุนและราคา!$C$16+R112*ต้นทุนและราคา!$C$17+S112*ต้นทุนและราคา!$C$18+T112*ต้นทุนและราคา!$C$19+U112*ต้นทุนและราคา!$C$20+IF($C112="16 oz",ต้นทุนและราคา!$C$21,IF($C112="20 oz",ต้นทุนและราคา!$C$22,ต้นทุนและราคา!$C$23)),2) -> 14.79 | X112: {=IFERROR(INDEX(ต้นทุนและราคา!$C$26:$E$101,MATCH($B112,ต้นทุนและราคา!$A$26:$A$101,0),IF($C112="16 oz",1,IF($C112="20 oz",2,3))),"")} -> 45 | Y112: =IFERROR(($X112-$W112)/$X112,"") -> 0.67133333 | Z112: เมนูใหม่ — เปิดไลน์ชาเขียว: ลูกค้ามาเป็นคู่/กลุ่มมักสั่งคนละอย่าง ถ้ามีแต่ชาไทยจะเสียยอดครึ่งหนึ่งของทุกกลุ่ม · รอบ 7: เบสชาเขียวไม่มีน้ำตาลแล้ว — ระดับ 0% จึงไม่มีน้ำตาลเพิ่มจริง (เดิมยังมีน้ำตาลจากเบส ~11 g) รสจะเปลี่ยนจากเดิม
A113: =IF($B113="","",$B113&"|"&$C113&"|"&$D113) -> Green Tea|16 oz|25% | B113: Green Tea | C113: 16 oz | D113: 25% | E113: 0 | F113: 135 | G113: 0 | H113: 50 | I113: 8 | J113: =ROUND(0+$AD$2*F113,1) -> 17.3 | K113: 0 | L113: 0 | M113: 0 | N113: 0 | O113: 0 | P113: 0 | Q113: 0 | R113: 0 | S113: 240 | T113: 0 | U113: 0 | V113: =E113+F113+G113+H113+I113+J113+K113+M113+N113+P113+Q113+T113+U113 -> 210.3 | W113: =ROUND(E113*ต้นทุนและราคา!$C$4+F113*ต้นทุนและราคา!$C$5+G113*ต้นทุนและราคา!$C$6+H113*ต้นทุนและราคา!$C$7+I113*ต้นทุนและราคา!$C$8+J113*ต้นทุนและราคา!$C$9+K113*ต้นทุนและราคา!$C$10+L113*ต้นทุนและราคา!$C$11+M113*ต้นทุนและราคา!$C$12+N113*ต้นทุนและราคา!$C$13+O113*ต้นทุนและราคา!$C$14+P113*ต้นทุนและราคา!$C$15+Q113*ต้นทุนและราคา!$C$16+R113*ต้นทุนและราคา!$C$17+S113*ต้นทุนและราคา!$C$18+T113*ต้นทุนและราคา!$C$19+U113*ต้นทุนและราคา!$C$20+IF($C113="16 oz",ต้นทุนและราคา!$C$21,IF($C113="20 oz",ต้นทุนและราคา!$C$22,ต้นทุนและราคา!$C$23)),2) -> 15.19 | X113: {=IFERROR(INDEX(ต้นทุนและราคา!$C$26:$E$101,MATCH($B113,ต้นทุนและราคา!$A$26:$A$101,0),IF($C113="16 oz",1,IF($C113="20 oz",2,3))),"")} -> 45 | Y113: =IFERROR(($X113-$W113)/$X113,"") -> 0.66244444 | Z113: เมนูใหม่ — เปิดไลน์ชาเขียว: ลูกค้ามาเป็นคู่/กลุ่มมักสั่งคนละอย่าง ถ้ามีแต่ชาไทยจะเสียยอดครึ่งหนึ่งของทุกกลุ่ม · รอบ 7: เบสชาเขียวไม่มีน้ำตาลแล้ว จึงเติมน้ำเชื่อม 1:1 ชดเชย = 0.128 × ปริมาณเบสชาเขียว
A114: =IF($B114="","",$B114&"|"&$C114&"|"&$D114) -> Green Tea|16 oz|50% | B114: Green Tea | C114: 16 oz | D114: 50% | E114: 0 | F114: 135 | G114: 0 | H114: 44 | I114: 16 | J114: =ROUND(0+$AD$2*F114,1) -> 17.3 | K114: 0 | L114: 0 | M114: 0 | N114: 0 | O114: 0 | P114: 0 | Q114: 0 | R114: 0 | S114: 240 | T114: 0 | U114: 0 | V114: =E114+F114+G114+H114+I114+J114+K114+M114+N114+P114+Q114+T114+U114 -> 212.3 | W114: =ROUND(E114*ต้นทุนและราคา!$C$4+F114*ต้นทุนและราคา!$C$5+G114*ต้นทุนและราคา!$C$6+H114*ต้นทุนและราคา!$C$7+I114*ต้นทุนและราคา!$C$8+J114*ต้นทุนและราคา!$C$9+K114*ต้นทุนและราคา!$C$10+L114*ต้นทุนและราคา!$C$11+M114*ต้นทุนและราคา!$C$12+N114*ต้นทุนและราคา!$C$13+O114*ต้นทุนและราคา!$C$14+P114*ต้นทุนและราคา!$C$15+Q114*ต้นทุนและราคา!$C$16+R114*ต้นทุนและราคา!$C$17+S114*ต้นทุนและราคา!$C$18+T114*ต้นทุนและราคา!$C$19+U114*ต้นทุนและราคา!$C$20+IF($C114="16 oz",ต้นทุนและราคา!$C$21,IF($C114="20 oz",ต้นทุนและราคา!$C$22,ต้นทุนและราคา!$C$23)),2) -> 15.3 | X114: {=IFERROR(INDEX(ต้นทุนและราคา!$C$26:$E$101,MATCH($B114,ต้นทุนและราคา!$A$26:$A$101,0),IF($C114="16 oz",1,IF($C114="20 oz",2,3))),"")} -> 45 | Y114: =IFERROR(($X114-$W114)/$X114,"") -> 0.66 | Z114: เมนูใหม่ — เปิดไลน์ชาเขียว: ลูกค้ามาเป็นคู่/กลุ่มมักสั่งคนละอย่าง ถ้ามีแต่ชาไทยจะเสียยอดครึ่งหนึ่งของทุกกลุ่ม · รอบ 7: เบสชาเขียวไม่มีน้ำตาลแล้ว จึงเติมน้ำเชื่อม 1:1 ชดเชย = 0.128 × ปริมาณเบสชาเขียว
A115: =IF($B115="","",$B115&"|"&$C115&"|"&$D115) -> Green Tea|16 oz|75% | B115: Green Tea | C115: 16 oz | D115: 75% | E115: 0 | F115: 135 | G115: 0 | H115: 38 | I115: 24 | J115: =ROUND(0+$AD$2*F115,1) -> 17.3 | K115: 0 | L115: 0 | M115: 0 | N115: 0 | O115: 0 | P115: 0 | Q115: 0 | R115: 0 | S115: 240 | T115: 0 | U115: 0 | V115: =E115+F115+G115+H115+I115+J115+K115+M115+N115+P115+Q115+T115+U115 -> 214.3 | W115: =ROUND(E115*ต้นทุนและราคา!$C$4+F115*ต้นทุนและราคา!$C$5+G115*ต้นทุนและราคา!$C$6+H115*ต้นทุนและราคา!$C$7+I115*ต้นทุนและราคา!$C$8+J115*ต้นทุนและราคา!$C$9+K115*ต้นทุนและราคา!$C$10+L115*ต้นทุนและราคา!$C$11+M115*ต้นทุนและราคา!$C$12+N115*ต้นทุนและราคา!$C$13+O115*ต้นทุนและราคา!$C$14+P115*ต้นทุนและราคา!$C$15+Q115*ต้นทุนและราคา!$C$16+R115*ต้นทุนและราคา!$C$17+S115*ต้นทุนและราคา!$C$18+T115*ต้นทุนและราคา!$C$19+U115*ต้นทุนและราคา!$C$20+IF($C115="16 oz",ต้นทุนและราคา!$C$21,IF($C115="20 oz",ต้นทุนและราคา!$C$22,ต้นทุนและราคา!$C$23)),2) -> 15.41 | X115: {=IFERROR(INDEX(ต้นทุนและราคา!$C$26:$E$101,MATCH($B115,ต้นทุนและราคา!$A$26:$A$101,0),IF($C115="16 oz",1,IF($C115="20 oz",2,3))),"")} -> 45 | Y115: =IFERROR(($X115-$W115)/$X115,"") -> 0.65755556 | Z115: เมนูใหม่ — เปิดไลน์ชาเขียว: ลูกค้ามาเป็นคู่/กลุ่มมักสั่งคนละอย่าง ถ้ามีแต่ชาไทยจะเสียยอดครึ่งหนึ่งของทุกกลุ่ม · รอบ 7: เบสชาเขียวไม่มีน้ำตาลแล้ว จึงเติมน้ำเชื่อม 1:1 ชดเชย = 0.128 × ปริมาณเบสชาเขียว
A116: =IF($B116="","",$B116&"|"&$C116&"|"&$D116) -> Green Tea|16 oz|100% | B116: Green Tea | C116: 16 oz | D116: 100% | E116: 0 | F116: 135 | G116: 0 | H116: 32 | I116: 32 | J116: =ROUND(0+$AD$2*F116,1) -> 17.3 | K116: 0 | L116: 0 | M116: 0 | N116: 0 | O116: 0 | P116: 0 | Q116: 0 | R116: 0 | S116: 240 | T116: 0 | U116: 0 | V116: =E116+F116+G116+H116+I116+J116+K116+M116+N116+P116+Q116+T116+U116 -> 216.3 | W116: =ROUND(E116*ต้นทุนและราคา!$C$4+F116*ต้นทุนและราคา!$C$5+G116*ต้นทุนและราคา!$C$6+H116*ต้นทุนและราคา!$C$7+I116*ต้นทุนและราคา!$C$8+J116*ต้นทุนและราคา!$C$9+K116*ต้นทุนและราคา!$C$10+L116*ต้นทุนและราคา!$C$11+M116*ต้นทุนและราคา!$C$12+N116*ต้นทุนและราคา!$C$13+O116*ต้นทุนและราคา!$C$14+P116*ต้นทุนและราคา!$C$15+Q116*ต้นทุนและราคา!$C$16+R116*ต้นทุนและราคา!$C$17+S116*ต้นทุนและราคา!$C$18+T116*ต้นทุนและราคา!$C$19+U116*ต้นทุนและราคา!$C$20+IF($C116="16 oz",ต้นทุนและราคา!$C$21,IF($C116="20 oz",ต้นทุนและราคา!$C$22,ต้นทุนและราคา!$C$23)),2) -> 15.52 | X116: {=IFERROR(INDEX(ต้นทุนและราคา!$C$26:$E$101,MATCH($B116,ต้นทุนและราคา!$A$26:$A$101,0),IF($C116="16 oz",1,IF($C116="20 oz",2,3))),"")} -> 45 | Y116: =IFERROR(($X116-$W116)/$X116,"") -> 0.65511111 | Z116: เมนูใหม่ — เปิดไลน์ชาเขียว: ลูกค้ามาเป็นคู่/กลุ่มมักสั่งคนละอย่าง ถ้ามีแต่ชาไทยจะเสียยอดครึ่งหนึ่งของทุกกลุ่ม · รอบ 7: เบสชาเขียวไม่มีน้ำตาลแล้ว จึงเติมน้ำเชื่อม 1:1 ชดเชย = 0.128 × ปริมาณเบสชาเขียว
A117: =IF($B117="","",$B117&"|"&$C117&"|"&$D117) -> Green Tea|22 oz|0% | B117: Green Tea | C117: 22 oz | D117: 0% | E117: 0 | F117: 185.5 | G117: 0 | H117: 77 | I117: 0 | J117: 0 | K117: 0 | L117: 0 | M117: 0 | N117: 0 | O117: 0 | P117: 0 | Q117: 0 | R117: 0 | S117: 330 | T117: 0 | U117: 0 | V117: =E117+F117+G117+H117+I117+J117+K117+M117+N117+P117+Q117+T117+U117 -> 262.5 | W117: =ROUND(E117*ต้นทุนและราคา!$C$4+F117*ต้นทุนและราคา!$C$5+G117*ต้นทุนและราคา!$C$6+H117*ต้นทุนและราคา!$C$7+I117*ต้นทุนและราคา!$C$8+J117*ต้นทุนและราคา!$C$9+K117*ต้นทุนและราคา!$C$10+L117*ต้นทุนและราคา!$C$11+M117*ต้นทุนและราคา!$C$12+N117*ต้นทุนและราคา!$C$13+O117*ต้นทุนและราคา!$C$14+P117*ต้นทุนและราคา!$C$15+Q117*ต้นทุนและราคา!$C$16+R117*ต้นทุนและราคา!$C$17+S117*ต้นทุนและราคา!$C$18+T117*ต้นทุนและราคา!$C$19+U117*ต้นทุนและราคา!$C$20+IF($C117="16 oz",ต้นทุนและราคา!$C$21,IF($C117="20 oz",ต้นทุนและราคา!$C$22,ต้นทุนและราคา!$C$23)),2) -> 19.64 | X117: {=IFERROR(INDEX(ต้นทุนและราคา!$C$26:$E$101,MATCH($B117,ต้นทุนและราคา!$A$26:$A$101,0),IF($C117="16 oz",1,IF($C117="20 oz",2,3))),"")} -> 55 | Y117: =IFERROR(($X117-$W117)/$X117,"") -> 0.64290909 | Z117: เมนูใหม่ — เปิดไลน์ชาเขียว: ลูกค้ามาเป็นคู่/กลุ่มมักสั่งคนละอย่าง ถ้ามีแต่ชาไทยจะเสียยอดครึ่งหนึ่งของทุกกลุ่ม · รอบ 7: เบสชาเขียวไม่มีน้ำตาลแล้ว — ระดับ 0% จึงไม่มีน้ำตาลเพิ่มจริง (เดิมยังมีน้ำตาลจากเบส ~11 g) รสจะเปลี่ยนจากเดิม
A118: =IF($B118="","",$B118&"|"&$C118&"|"&$D118) -> Green Tea|22 oz|25% | B118: Green Tea | C118: 22 oz | D118: 25% | E118: 0 | F118: 185.5 | G118: 0 | H118: 69 | I118: 11 | J118: =ROUND(0+$AD$2*F118,1) -> 23.7 | K118: 0 | L118: 0 | M118: 0 | N118: 0 | O118: 0 | P118: 0 | Q118: 0 | R118: 0 | S118: 330 | T118: 0 | U118: 0 | V118: =E118+F118+G118+H118+I118+J118+K118+M118+N118+P118+Q118+T118+U118 -> 289.2 | W118: =ROUND(E118*ต้นทุนและราคา!$C$4+F118*ต้นทุนและราคา!$C$5+G118*ต้นทุนและราคา!$C$6+H118*ต้นทุนและราคา!$C$7+I118*ต้นทุนและราคา!$C$8+J118*ต้นทุนและราคา!$C$9+K118*ต้นทุนและราคา!$C$10+L118*ต้นทุนและราคา!$C$11+M118*ต้นทุนและราคา!$C$12+N118*ต้นทุนและราคา!$C$13+O118*ต้นทุนและราคา!$C$14+P118*ต้นทุนและราคา!$C$15+Q118*ต้นทุนและราคา!$C$16+R118*ต้นทุนและราคา!$C$17+S118*ต้นทุนและราคา!$C$18+T118*ต้นทุนและราคา!$C$19+U118*ต้นทุนและราคา!$C$20+IF($C118="16 oz",ต้นทุนและราคา!$C$21,IF($C118="20 oz",ต้นทุนและราคา!$C$22,ต้นทุนและราคา!$C$23)),2) -> 20.2 | X118: {=IFERROR(INDEX(ต้นทุนและราคา!$C$26:$E$101,MATCH($B118,ต้นทุนและราคา!$A$26:$A$101,0),IF($C118="16 oz",1,IF($C118="20 oz",2,3))),"")} -> 55 | Y118: =IFERROR(($X118-$W118)/$X118,"") -> 0.63272727 | Z118: เมนูใหม่ — เปิดไลน์ชาเขียว: ลูกค้ามาเป็นคู่/กลุ่มมักสั่งคนละอย่าง ถ้ามีแต่ชาไทยจะเสียยอดครึ่งหนึ่งของทุกกลุ่ม · รอบ 7: เบสชาเขียวไม่มีน้ำตาลแล้ว จึงเติมน้ำเชื่อม 1:1 ชดเชย = 0.128 × ปริมาณเบสชาเขียว
A119: =IF($B119="","",$B119&"|"&$C119&"|"&$D119) -> Green Tea|22 oz|50% | B119: Green Tea | C119: 22 oz | D119: 50% | E119: 0 | F119: 185.5 | G119: 0 | H119: 60.5 | I119: 22 | J119: =ROUND(0+$AD$2*F119,1) -> 23.7 | K119: 0 | L119: 0 | M119: 0 | N119: 0 | O119: 0 | P119: 0 | Q119: 0 | R119: 0 | S119: 330 | T119: 0 | U119: 0 | V119: =E119+F119+G119+H119+I119+J119+K119+M119+N119+P119+Q119+T119+U119 -> 291.7 | W119: =ROUND(E119*ต้นทุนและราคา!$C$4+F119*ต้นทุนและราคา!$C$5+G119*ต้นทุนและราคา!$C$6+H119*ต้นทุนและราคา!$C$7+I119*ต้นทุนและราคา!$C$8+J119*ต้นทุนและราคา!$C$9+K119*ต้นทุนและราคา!$C$10+L119*ต้นทุนและราคา!$C$11+M119*ต้นทุนและราคา!$C$12+N119*ต้นทุนและราคา!$C$13+O119*ต้นทุนและราคา!$C$14+P119*ต้นทุนและราคา!$C$15+Q119*ต้นทุนและราคา!$C$16+R119*ต้นทุนและราคา!$C$17+S119*ต้นทุนและราคา!$C$18+T119*ต้นทุนและราคา!$C$19+U119*ต้นทุนและราคา!$C$20+IF($C119="16 oz",ต้นทุนและราคา!$C$21,IF($C119="20 oz",ต้นทุนและราคา!$C$22,ต้นทุนและราคา!$C$23)),2) -> 20.34 | X119: {=IFERROR(INDEX(ต้นทุนและราคา!$C$26:$E$101,MATCH($B119,ต้นทุนและราคา!$A$26:$A$101,0),IF($C119="16 oz",1,IF($C119="20 oz",2,3))),"")} -> 55 | Y119: =IFERROR(($X119-$W119)/$X119,"") -> 0.63018182 | Z119: เมนูใหม่ — เปิดไลน์ชาเขียว: ลูกค้ามาเป็นคู่/กลุ่มมักสั่งคนละอย่าง ถ้ามีแต่ชาไทยจะเสียยอดครึ่งหนึ่งของทุกกลุ่ม · รอบ 7: เบสชาเขียวไม่มีน้ำตาลแล้ว จึงเติมน้ำเชื่อม 1:1 ชดเชย = 0.128 × ปริมาณเบสชาเขียว
A120: =IF($B120="","",$B120&"|"&$C120&"|"&$D120) -> Green Tea|22 oz|75% | B120: Green Tea | C120: 22 oz | D120: 75% | E120: 0 | F120: 185.5 | G120: 0 | H120: 52 | I120: 33 | J120: =ROUND(0+$AD$2*F120,1) -> 23.7 | K120: 0 | L120: 0 | M120: 0 | N120: 0 | O120: 0 | P120: 0 | Q120: 0 | R120: 0 | S120: 330 | T120: 0 | U120: 0 | V120: =E120+F120+G120+H120+I120+J120+K120+M120+N120+P120+Q120+T120+U120 -> 294.2 | W120: =ROUND(E120*ต้นทุนและราคา!$C$4+F120*ต้นทุนและราคา!$C$5+G120*ต้นทุนและราคา!$C$6+H120*ต้นทุนและราคา!$C$7+I120*ต้นทุนและราคา!$C$8+J120*ต้นทุนและราคา!$C$9+K120*ต้นทุนและราคา!$C$10+L120*ต้นทุนและราคา!$C$11+M120*ต้นทุนและราคา!$C$12+N120*ต้นทุนและราคา!$C$13+O120*ต้นทุนและราคา!$C$14+P120*ต้นทุนและราคา!$C$15+Q120*ต้นทุนและราคา!$C$16+R120*ต้นทุนและราคา!$C$17+S120*ต้นทุนและราคา!$C$18+T120*ต้นทุนและราคา!$C$19+U120*ต้นทุนและราคา!$C$20+IF($C120="16 oz",ต้นทุนและราคา!$C$21,IF($C120="20 oz",ต้นทุนและราคา!$C$22,ต้นทุนและราคา!$C$23)),2) -> 20.47 | X120: {=IFERROR(INDEX(ต้นทุนและราคา!$C$26:$E$101,MATCH($B120,ต้นทุนและราคา!$A$26:$A$101,0),IF($C120="16 oz",1,IF($C120="20 oz",2,3))),"")} -> 55 | Y120: =IFERROR(($X120-$W120)/$X120,"") -> 0.62781818 | Z120: เมนูใหม่ — เปิดไลน์ชาเขียว: ลูกค้ามาเป็นคู่/กลุ่มมักสั่งคนละอย่าง ถ้ามีแต่ชาไทยจะเสียยอดครึ่งหนึ่งของทุกกลุ่ม · รอบ 7: เบสชาเขียวไม่มีน้ำตาลแล้ว จึงเติมน้ำเชื่อม 1:1 ชดเชย = 0.128 × ปริมาณเบสชาเขียว
A121: =IF($B121="","",$B121&"|"&$C121&"|"&$D121) -> Green Tea|22 oz|100% | B121: Green Tea | C121: 22 oz | D121: 100% | E121: 0 | F121: 185.5 | G121: 0 | H121: 44 | I121: 44 | J121: =ROUND(0+$AD$2*F121,1) -> 23.7 | K121: 0 | L121: 0 | M121: 0 | N121: 0 | O121: 0 | P121: 0 | Q121: 0 | R121: 0 | S121: 330 | T121: 0 | U121: 0 | V121: =E121+F121+G121+H121+I121+J121+K121+M121+N121+P121+Q121+T121+U121 -> 297.2 | W121: =ROUND(E121*ต้นทุนและราคา!$C$4+F121*ต้นทุนและราคา!$C$5+G121*ต้นทุนและราคา!$C$6+H121*ต้นทุนและราคา!$C$7+I121*ต้นทุนและราคา!$C$8+J121*ต้นทุนและราคา!$C$9+K121*ต้นทุนและราคา!$C$10+L121*ต้นทุนและราคา!$C$11+M121*ต้นทุนและราคา!$C$12+N121*ต้นทุนและราคา!$C$13+O121*ต้นทุนและราคา!$C$14+P121*ต้นทุนและราคา!$C$15+Q121*ต้นทุนและราคา!$C$16+R121*ต้นทุนและราคา!$C$17+S121*ต้นทุนและราคา!$C$18+T121*ต้นทุนและราคา!$C$19+U121*ต้นทุนและราคา!$C$20+IF($C121="16 oz",ต้นทุนและราคา!$C$21,IF($C121="20 oz",ต้นทุนและราคา!$C$22,ต้นทุนและราคา!$C$23)),2) -> 20.64 | X121: {=IFERROR(INDEX(ต้นทุนและราคา!$C$26:$E$101,MATCH($B121,ต้นทุนและราคา!$A$26:$A$101,0),IF($C121="16 oz",1,IF($C121="20 oz",2,3))),"")} -> 55 | Y121: =IFERROR(($X121-$W121)/$X121,"") -> 0.62472727 | Z121: เมนูใหม่ — เปิดไลน์ชาเขียว: ลูกค้ามาเป็นคู่/กลุ่มมักสั่งคนละอย่าง ถ้ามีแต่ชาไทยจะเสียยอดครึ่งหนึ่งของทุกกลุ่ม · รอบ 7: เบสชาเขียวไม่มีน้ำตาลแล้ว จึงเติมน้ำเชื่อม 1:1 ชดเชย = 0.128 × ปริมาณเบสชาเขียว
A122: =IF($B122="","",$B122&"|"&$C122&"|"&$D122) -> Green Coconut|16 oz|0% | B122: Green Coconut | C122: 16 oz | D122: 0% | E122: 0 | F122: 105 | G122: 0 | H122: 10 | I122: 0 | J122: 0 | K122: 0 | L122: 0 | M122: 0 | N122: 95 | O122: 0 | P122: 0 | Q122: 0 | R122: 0 | S122: 220 | T122: 0 | U122: 0 | V122: =E122+F122+G122+H122+I122+J122+K122+M122+N122+P122+Q122+T122+U122 -> 210 | W122: =ROUND(E122*ต้นทุนและราคา!$C$4+F122*ต้นทุนและราคา!$C$5+G122*ต้นทุนและราคา!$C$6+H122*ต้นทุนและราคา!$C$7+I122*ต้นทุนและราคา!$C$8+J122*ต้นทุนและราคา!$C$9+K122*ต้นทุนและราคา!$C$10+L122*ต้นทุนและราคา!$C$11+M122*ต้นทุนและราคา!$C$12+N122*ต้นทุนและราคา!$C$13+O122*ต้นทุนและราคา!$C$14+P122*ต้นทุนและราคา!$C$15+Q122*ต้นทุนและราคา!$C$16+R122*ต้นทุนและราคา!$C$17+S122*ต้นทุนและราคา!$C$18+T122*ต้นทุนและราคา!$C$19+U122*ต้นทุนและราคา!$C$20+IF($C122="16 oz",ต้นทุนและราคา!$C$21,IF($C122="20 oz",ต้นทุนและราคา!$C$22,ต้นทุนและราคา!$C$23)),2) -> 17.36 | X122: {=IFERROR(INDEX(ต้นทุนและราคา!$C$26:$E$101,MATCH($B122,ต้นทุนและราคา!$A$26:$A$101,0),IF($C122="16 oz",1,IF($C122="20 oz",2,3))),"")} -> 59 | Y122: =IFERROR(($X122-$W122)/$X122,"") -> 0.70576271 | Z122: เมนูใหม่ — ไม่เพิ่มวัตถุดิบใหม่เลย ใช้เบสมะพร้าวตัวเดียวกับ Coconut Tea เป็นการเพิ่มเมนูโดยไม่เพิ่มของเสีย · รอบ 7: เบสชาเขียวไม่มีน้ำตาลแล้ว — ระดับ 0% จึงไม่มีน้ำตาลเพิ่มจริง (เดิมยังมีน้ำตาลจากเบส ~11 g) รสจะเปลี่ยนจากเดิม
A123: =IF($B123="","",$B123&"|"&$C123&"|"&$D123) -> Green Coconut|16 oz|25% | B123: Green Coconut | C123: 16 oz | D123: 25% | E123: 0 | F123: 105 | G123: 0 | H123: 10 | I123: 5 | J123: =ROUND(0+$AD$2*F123,1) -> 13.4 | K123: 0 | L123: 0 | M123: 0 | N123: =ROUND(95-$AD$2*F123,1) -> 81.6 | O123: 0 | P123: 0 | Q123: 0 | R123: 0 | S123: 220 | T123: 0 | U123: 0 | V123: =E123+F123+G123+H123+I123+J123+K123+M123+N123+P123+Q123+T123+U123 -> 215 | W123: =ROUND(E123*ต้นทุนและราคา!$C$4+F123*ต้นทุนและราคา!$C$5+G123*ต้นทุนและราคา!$C$6+H123*ต้นทุนและราคา!$C$7+I123*ต้นทุนและราคา!$C$8+J123*ต้นทุนและราคา!$C$9+K123*ต้นทุนและราคา!$C$10+L123*ต้นทุนและราคา!$C$11+M123*ต้นทุนและราคา!$C$12+N123*ต้นทุนและราคา!$C$13+O123*ต้นทุนและราคา!$C$14+P123*ต้นทุนและราคา!$C$15+Q123*ต้นทุนและราคา!$C$16+R123*ต้นทุนและราคา!$C$17+S123*ต้นทุนและราคา!$C$18+T123*ต้นทุนและราคา!$C$19+U123*ต้นทุนและราคา!$C$20+IF($C123="16 oz",ต้นทุนและราคา!$C$21,IF($C123="20 oz",ต้นทุนและราคา!$C$22,ต้นทุนและราคา!$C$23)),2) -> 16.95 | X123: {=IFERROR(INDEX(ต้นทุนและราคา!$C$26:$E$101,MATCH($B123,ต้นทุนและราคา!$A$26:$A$101,0),IF($C123="16 oz",1,IF($C123="20 oz",2,3))),"")} -> 59 | Y123: =IFERROR(($X123-$W123)/$X123,"") -> 0.71271186 | Z123: เมนูใหม่ — ไม่เพิ่มวัตถุดิบใหม่เลย ใช้เบสมะพร้าวตัวเดียวกับ Coconut Tea เป็นการเพิ่มเมนูโดยไม่เพิ่มของเสีย · รอบ 7: เบสชาเขียวไม่มีน้ำตาลแล้ว จึงเติมน้ำเชื่อม 1:1 ชดเชย = 0.128 × ปริมาณเบสชาเขียว · ลดเบสมะพร้าวลงเท่ากับน้ำเชื่อมที่เติม เพื่อคงปริมาตรแก้วเท่าเดิมเป๊ะ (เมนูนี้ไม่มีนมเป็นตัวสลับ)
A124: =IF($B124="","",$B124&"|"&$C124&"|"&$D124) -> Green Coconut|16 oz|50% | B124: Green Coconut | C124: 16 oz | D124: 50% | E124: 0 | F124: 105 | G124: 0 | H124: 10 | I124: 10 | J124: =ROUND(0+$AD$2*F124,1) -> 13.4 | K124: 0 | L124: 0 | M124: 0 | N124: =ROUND(95-$AD$2*F124,1) -> 81.6 | O124: 0 | P124: 0 | Q124: 0 | R124: 0 | S124: 220 | T124: 0 | U124: 0 | V124: =E124+F124+G124+H124+I124+J124+K124+M124+N124+P124+Q124+T124+U124 -> 220 | W124: =ROUND(E124*ต้นทุนและราคา!$C$4+F124*ต้นทุนและราคา!$C$5+G124*ต้นทุนและราคา!$C$6+H124*ต้นทุนและราคา!$C$7+I124*ต้นทุนและราคา!$C$8+J124*ต้นทุนและราคา!$C$9+K124*ต้นทุนและราคา!$C$10+L124*ต้นทุนและราคา!$C$11+M124*ต้นทุนและราคา!$C$12+N124*ต้นทุนและราคา!$C$13+O124*ต้นทุนและราคา!$C$14+P124*ต้นทุนและราคา!$C$15+Q124*ต้นทุนและราคา!$C$16+R124*ต้นทุนและราคา!$C$17+S124*ต้นทุนและราคา!$C$18+T124*ต้นทุนและราคา!$C$19+U124*ต้นทุนและราคา!$C$20+IF($C124="16 oz",ต้นทุนและราคา!$C$21,IF($C124="20 oz",ต้นทุนและราคา!$C$22,ต้นทุนและราคา!$C$23)),2) -> 17.29 | X124: {=IFERROR(INDEX(ต้นทุนและราคา!$C$26:$E$101,MATCH($B124,ต้นทุนและราคา!$A$26:$A$101,0),IF($C124="16 oz",1,IF($C124="20 oz",2,3))),"")} -> 59 | Y124: =IFERROR(($X124-$W124)/$X124,"") -> 0.70694915 | Z124: เมนูใหม่ — ไม่เพิ่มวัตถุดิบใหม่เลย ใช้เบสมะพร้าวตัวเดียวกับ Coconut Tea เป็นการเพิ่มเมนูโดยไม่เพิ่มของเสีย · รอบ 7: เบสชาเขียวไม่มีน้ำตาลแล้ว จึงเติมน้ำเชื่อม 1:1 ชดเชย = 0.128 × ปริมาณเบสชาเขียว · ลดเบสมะพร้าวลงเท่ากับน้ำเชื่อมที่เติม เพื่อคงปริมาตรแก้วเท่าเดิมเป๊ะ (เมนูนี้ไม่มีนมเป็นตัวสลับ)
A125: =IF($B125="","",$B125&"|"&$C125&"|"&$D125) -> Green Coconut|16 oz|75% | B125: Green Coconut | C125: 16 oz | D125: 75% | E125: 0 | F125: 105 | G125: 0 | H125: 10 | I125: 15 | J125: =ROUND(0+$AD$2*F125,1) -> 13.4 | K125: 0 | L125: 0 | M125: 0 | N125: =ROUND(95-$AD$2*F125,1) -> 81.6 | O125: 0 | P125: 0 | Q125: 0 | R125: 0 | S125: 220 | T125: 0 | U125: 0 | V125: =E125+F125+G125+H125+I125+J125+K125+M125+N125+P125+Q125+T125+U125 -> 225 | W125: =ROUND(E125*ต้นทุนและราคา!$C$4+F125*ต้นทุนและราคา!$C$5+G125*ต้นทุนและราคา!$C$6+H125*ต้นทุนและราคา!$C$7+I125*ต้นทุนและราคา!$C$8+J125*ต้นทุนและราคา!$C$9+K125*ต้นทุนและราคา!$C$10+L125*ต้นทุนและราคา!$C$11+M125*ต้นทุนและราคา!$C$12+N125*ต้นทุนและราคา!$C$13+O125*ต้นทุนและราคา!$C$14+P125*ต้นทุนและราคา!$C$15+Q125*ต้นทุนและราคา!$C$16+R125*ต้นทุนและราคา!$C$17+S125*ต้นทุนและราคา!$C$18+T125*ต้นทุนและราคา!$C$19+U125*ต้นทุนและราคา!$C$20+IF($C125="16 oz",ต้นทุนและราคา!$C$21,IF($C125="20 oz",ต้นทุนและราคา!$C$22,ต้นทุนและราคา!$C$23)),2) -> 17.64 | X125: {=IFERROR(INDEX(ต้นทุนและราคา!$C$26:$E$101,MATCH($B125,ต้นทุนและราคา!$A$26:$A$101,0),IF($C125="16 oz",1,IF($C125="20 oz",2,3))),"")} -> 59 | Y125: =IFERROR(($X125-$W125)/$X125,"") -> 0.70101695 | Z125: เมนูใหม่ — ไม่เพิ่มวัตถุดิบใหม่เลย ใช้เบสมะพร้าวตัวเดียวกับ Coconut Tea เป็นการเพิ่มเมนูโดยไม่เพิ่มของเสีย · รอบ 7: เบสชาเขียวไม่มีน้ำตาลแล้ว จึงเติมน้ำเชื่อม 1:1 ชดเชย = 0.128 × ปริมาณเบสชาเขียว · ลดเบสมะพร้าวลงเท่ากับน้ำเชื่อมที่เติม เพื่อคงปริมาตรแก้วเท่าเดิมเป๊ะ (เมนูนี้ไม่มีนมเป็นตัวสลับ)
A126: =IF($B126="","",$B126&"|"&$C126&"|"&$D126) -> Green Coconut|16 oz|100% | B126: Green Coconut | C126: 16 oz | D126: 100% | E126: 0 | F126: 105 | G126: 0 | H126: 10 | I126: 20 | J126: =ROUND(0+$AD$2*F126,1) -> 13.4 | K126: 0 | L126: 0 | M126: 0 | N126: =ROUND(95-$AD$2*F126,1) -> 81.6 | O126: 0 | P126: 0 | Q126: 0 | R126: 0 | S126: 220 | T126: 0 | U126: 0 | V126: =E126+F126+G126+H126+I126+J126+K126+M126+N126+P126+Q126+T126+U126 -> 230 | W126: =ROUND(E126*ต้นทุนและราคา!$C$4+F126*ต้นทุนและราคา!$C$5+G126*ต้นทุนและราคา!$C$6+H126*ต้นทุนและราคา!$C$7+I126*ต้นทุนและราคา!$C$8+J126*ต้นทุนและราคา!$C$9+K126*ต้นทุนและราคา!$C$10+L126*ต้นทุนและราคา!$C$11+M126*ต้นทุนและราคา!$C$12+N126*ต้นทุนและราคา!$C$13+O126*ต้นทุนและราคา!$C$14+P126*ต้นทุนและราคา!$C$15+Q126*ต้นทุนและราคา!$C$16+R126*ต้นทุนและราคา!$C$17+S126*ต้นทุนและราคา!$C$18+T126*ต้นทุนและราคา!$C$19+U126*ต้นทุนและราคา!$C$20+IF($C126="16 oz",ต้นทุนและราคา!$C$21,IF($C126="20 oz",ต้นทุนและราคา!$C$22,ต้นทุนและราคา!$C$23)),2) -> 17.99 | X126: {=IFERROR(INDEX(ต้นทุนและราคา!$C$26:$E$101,MATCH($B126,ต้นทุนและราคา!$A$26:$A$101,0),IF($C126="16 oz",1,IF($C126="20 oz",2,3))),"")} -> 59 | Y126: =IFERROR(($X126-$W126)/$X126,"") -> 0.69508475 | Z126: เมนูใหม่ — ไม่เพิ่มวัตถุดิบใหม่เลย ใช้เบสมะพร้าวตัวเดียวกับ Coconut Tea เป็นการเพิ่มเมนูโดยไม่เพิ่มของเสีย · รอบ 7: เบสชาเขียวไม่มีน้ำตาลแล้ว จึงเติมน้ำเชื่อม 1:1 ชดเชย = 0.128 × ปริมาณเบสชาเขียว · ลดเบสมะพร้าวลงเท่ากับน้ำเชื่อมที่เติม เพื่อคงปริมาตรแก้วเท่าเดิมเป๊ะ (เมนูนี้ไม่มีนมเป็นตัวสลับ)
A127: =IF($B127="","",$B127&"|"&$C127&"|"&$D127) -> Green Coconut|22 oz|0% | B127: Green Coconut | C127: 22 oz | D127: 0% | E127: 0 | F127: 144.5 | G127: 0 | H127: 14 | I127: 0 | J127: 0 | K127: 0 | L127: 0 | M127: 0 | N127: 130.5 | O127: 0 | P127: 0 | Q127: 0 | R127: 0 | S127: 300 | T127: 0 | U127: 0 | V127: =E127+F127+G127+H127+I127+J127+K127+M127+N127+P127+Q127+T127+U127 -> 289 | W127: =ROUND(E127*ต้นทุนและราคา!$C$4+F127*ต้นทุนและราคา!$C$5+G127*ต้นทุนและราคา!$C$6+H127*ต้นทุนและราคา!$C$7+I127*ต้นทุนและราคา!$C$8+J127*ต้นทุนและราคา!$C$9+K127*ต้นทุนและราคา!$C$10+L127*ต้นทุนและราคา!$C$11+M127*ต้นทุนและราคา!$C$12+N127*ต้นทุนและราคา!$C$13+O127*ต้นทุนและราคา!$C$14+P127*ต้นทุนและราคา!$C$15+Q127*ต้นทุนและราคา!$C$16+R127*ต้นทุนและราคา!$C$17+S127*ต้นทุนและราคา!$C$18+T127*ต้นทุนและราคา!$C$19+U127*ต้นทุนและราคา!$C$20+IF($C127="16 oz",ต้นทุนและราคา!$C$21,IF($C127="20 oz",ต้นทุนและราคา!$C$22,ต้นทุนและราคา!$C$23)),2) -> 23.15 | X127: {=IFERROR(INDEX(ต้นทุนและราคา!$C$26:$E$101,MATCH($B127,ต้นทุนและราคา!$A$26:$A$101,0),IF($C127="16 oz",1,IF($C127="20 oz",2,3))),"")} -> 69 | Y127: =IFERROR(($X127-$W127)/$X127,"") -> 0.66449275 | Z127: เมนูใหม่ — ไม่เพิ่มวัตถุดิบใหม่เลย ใช้เบสมะพร้าวตัวเดียวกับ Coconut Tea เป็นการเพิ่มเมนูโดยไม่เพิ่มของเสีย · รอบ 7: เบสชาเขียวไม่มีน้ำตาลแล้ว — ระดับ 0% จึงไม่มีน้ำตาลเพิ่มจริง (เดิมยังมีน้ำตาลจากเบส ~11 g) รสจะเปลี่ยนจากเดิม
A128: =IF($B128="","",$B128&"|"&$C128&"|"&$D128) -> Green Coconut|22 oz|25% | B128: Green Coconut | C128: 22 oz | D128: 25% | E128: 0 | F128: 144.5 | G128: 0 | H128: 14 | I128: 7 | J128: =ROUND(0+$AD$2*F128,1) -> 18.5 | K128: 0 | L128: 0 | M128: 0 | N128: =ROUND(130.5-$AD$2*F128,1) -> 112 | O128: 0 | P128: 0 | Q128: 0 | R128: 0 | S128: 300 | T128: 0 | U128: 0 | V128: =E128+F128+G128+H128+I128+J128+K128+M128+N128+P128+Q128+T128+U128 -> 296 | W128: =ROUND(E128*ต้นทุนและราคา!$C$4+F128*ต้นทุนและราคา!$C$5+G128*ต้นทุนและราคา!$C$6+H128*ต้นทุนและราคา!$C$7+I128*ต้นทุนและราคา!$C$8+J128*ต้นทุนและราคา!$C$9+K128*ต้นทุนและราคา!$C$10+L128*ต้นทุนและราคา!$C$11+M128*ต้นทุนและราคา!$C$12+N128*ต้นทุนและราคา!$C$13+O128*ต้นทุนและราคา!$C$14+P128*ต้นทุนและราคา!$C$15+Q128*ต้นทุนและราคา!$C$16+R128*ต้นทุนและราคา!$C$17+S128*ต้นทุนและราคา!$C$18+T128*ต้นทุนและราคา!$C$19+U128*ต้นทุนและราคา!$C$20+IF($C128="16 oz",ต้นทุนและราคา!$C$21,IF($C128="20 oz",ต้นทุนและราคา!$C$22,ต้นทุนและราคา!$C$23)),2) -> 22.58 | X128: {=IFERROR(INDEX(ต้นทุนและราคา!$C$26:$E$101,MATCH($B128,ต้นทุนและราคา!$A$26:$A$101,0),IF($C128="16 oz",1,IF($C128="20 oz",2,3))),"")} -> 69 | Y128: =IFERROR(($X128-$W128)/$X128,"") -> 0.67275362 | Z128: เมนูใหม่ — ไม่เพิ่มวัตถุดิบใหม่เลย ใช้เบสมะพร้าวตัวเดียวกับ Coconut Tea เป็นการเพิ่มเมนูโดยไม่เพิ่มของเสีย · รอบ 7: เบสชาเขียวไม่มีน้ำตาลแล้ว จึงเติมน้ำเชื่อม 1:1 ชดเชย = 0.128 × ปริมาณเบสชาเขียว · ลดเบสมะพร้าวลงเท่ากับน้ำเชื่อมที่เติม เพื่อคงปริมาตรแก้วเท่าเดิมเป๊ะ (เมนูนี้ไม่มีนมเป็นตัวสลับ)
A129: =IF($B129="","",$B129&"|"&$C129&"|"&$D129) -> Green Coconut|22 oz|50% | B129: Green Coconut | C129: 22 oz | D129: 50% | E129: 0 | F129: 144.5 | G129: 0 | H129: 14 | I129: 14 | J129: =ROUND(0+$AD$2*F129,1) -> 18.5 | K129: 0 | L129: 0 | M129: 0 | N129: =ROUND(130.5-$AD$2*F129,1) -> 112 | O129: 0 | P129: 0 | Q129: 0 | R129: 0 | S129: 300 | T129: 0 | U129: 0 | V129: =E129+F129+G129+H129+I129+J129+K129+M129+N129+P129+Q129+T129+U129 -> 303 | W129: =ROUND(E129*ต้นทุนและราคา!$C$4+F129*ต้นทุนและราคา!$C$5+G129*ต้นทุนและราคา!$C$6+H129*ต้นทุนและราคา!$C$7+I129*ต้นทุนและราคา!$C$8+J129*ต้นทุนและราคา!$C$9+K129*ต้นทุนและราคา!$C$10+L129*ต้นทุนและราคา!$C$11+M129*ต้นทุนและราคา!$C$12+N129*ต้นทุนและราคา!$C$13+O129*ต้นทุนและราคา!$C$14+P129*ต้นทุนและราคา!$C$15+Q129*ต้นทุนและราคา!$C$16+R129*ต้นทุนและราคา!$C$17+S129*ต้นทุนและราคา!$C$18+T129*ต้นทุนและราคา!$C$19+U129*ต้นทุนและราคา!$C$20+IF($C129="16 oz",ต้นทุนและราคา!$C$21,IF($C129="20 oz",ต้นทุนและราคา!$C$22,ต้นทุนและราคา!$C$23)),2) -> 23.07 | X129: {=IFERROR(INDEX(ต้นทุนและราคา!$C$26:$E$101,MATCH($B129,ต้นทุนและราคา!$A$26:$A$101,0),IF($C129="16 oz",1,IF($C129="20 oz",2,3))),"")} -> 69 | Y129: =IFERROR(($X129-$W129)/$X129,"") -> 0.66565217 | Z129: เมนูใหม่ — ไม่เพิ่มวัตถุดิบใหม่เลย ใช้เบสมะพร้าวตัวเดียวกับ Coconut Tea เป็นการเพิ่มเมนูโดยไม่เพิ่มของเสีย · รอบ 7: เบสชาเขียวไม่มีน้ำตาลแล้ว จึงเติมน้ำเชื่อม 1:1 ชดเชย = 0.128 × ปริมาณเบสชาเขียว · ลดเบสมะพร้าวลงเท่ากับน้ำเชื่อมที่เติม เพื่อคงปริมาตรแก้วเท่าเดิมเป๊ะ (เมนูนี้ไม่มีนมเป็นตัวสลับ)
A130: =IF($B130="","",$B130&"|"&$C130&"|"&$D130) -> Green Coconut|22 oz|75% | B130: Green Coconut | C130: 22 oz | D130: 75% | E130: 0 | F130: 144.5 | G130: 0 | H130: 14 | I130: 20.5 | J130: =ROUND(0+$AD$2*F130,1) -> 18.5 | K130: 0 | L130: 0 | M130: 0 | N130: =ROUND(130.5-$AD$2*F130,1) -> 112 | O130: 0 | P130: 0 | Q130: 0 | R130: 0 | S130: 300 | T130: 0 | U130: 0 | V130: =E130+F130+G130+H130+I130+J130+K130+M130+N130+P130+Q130+T130+U130 -> 309.5 | W130: =ROUND(E130*ต้นทุนและราคา!$C$4+F130*ต้นทุนและราคา!$C$5+G130*ต้นทุนและราคา!$C$6+H130*ต้นทุนและราคา!$C$7+I130*ต้นทุนและราคา!$C$8+J130*ต้นทุนและราคา!$C$9+K130*ต้นทุนและราคา!$C$10+L130*ต้นทุนและราคา!$C$11+M130*ต้นทุนและราคา!$C$12+N130*ต้นทุนและราคา!$C$13+O130*ต้นทุนและราคา!$C$14+P130*ต้นทุนและราคา!$C$15+Q130*ต้นทุนและราคา!$C$16+R130*ต้นทุนและราคา!$C$17+S130*ต้นทุนและราคา!$C$18+T130*ต้นทุนและราคา!$C$19+U130*ต้นทุนและราคา!$C$20+IF($C130="16 oz",ต้นทุนและราคา!$C$21,IF($C130="20 oz",ต้นทุนและราคา!$C$22,ต้นทุนและราคา!$C$23)),2) -> 23.52 | X130: {=IFERROR(INDEX(ต้นทุนและราคา!$C$26:$E$101,MATCH($B130,ต้นทุนและราคา!$A$26:$A$101,0),IF($C130="16 oz",1,IF($C130="20 oz",2,3))),"")} -> 69 | Y130: =IFERROR(($X130-$W130)/$X130,"") -> 0.65913043 | Z130: เมนูใหม่ — ไม่เพิ่มวัตถุดิบใหม่เลย ใช้เบสมะพร้าวตัวเดียวกับ Coconut Tea เป็นการเพิ่มเมนูโดยไม่เพิ่มของเสีย · รอบ 7: เบสชาเขียวไม่มีน้ำตาลแล้ว จึงเติมน้ำเชื่อม 1:1 ชดเชย = 0.128 × ปริมาณเบสชาเขียว · ลดเบสมะพร้าวลงเท่ากับน้ำเชื่อมที่เติม เพื่อคงปริมาตรแก้วเท่าเดิมเป๊ะ (เมนูนี้ไม่มีนมเป็นตัวสลับ)
A131: =IF($B131="","",$B131&"|"&$C131&"|"&$D131) -> Green Coconut|22 oz|100% | B131: Green Coconut | C131: 22 oz | D131: 100% | E131: 0 | F131: 144.5 | G131: 0 | H131: 14 | I131: 27.5 | J131: =ROUND(0+$AD$2*F131,1) -> 18.5 | K131: 0 | L131: 0 | M131: 0 | N131: =ROUND(130.5-$AD$2*F131,1) -> 112 | O131: 0 | P131: 0 | Q131: 0 | R131: 0 | S131: 300 | T131: 0 | U131: 0 | V131: =E131+F131+G131+H131+I131+J131+K131+M131+N131+P131+Q131+T131+U131 -> 316.5 | W131: =ROUND(E131*ต้นทุนและราคา!$C$4+F131*ต้นทุนและราคา!$C$5+G131*ต้นทุนและราคา!$C$6+H131*ต้นทุนและราคา!$C$7+I131*ต้นทุนและราคา!$C$8+J131*ต้นทุนและราคา!$C$9+K131*ต้นทุนและราคา!$C$10+L131*ต้นทุนและราคา!$C$11+M131*ต้นทุนและราคา!$C$12+N131*ต้นทุนและราคา!$C$13+O131*ต้นทุนและราคา!$C$14+P131*ต้นทุนและราคา!$C$15+Q131*ต้นทุนและราคา!$C$16+R131*ต้นทุนและราคา!$C$17+S131*ต้นทุนและราคา!$C$18+T131*ต้นทุนและราคา!$C$19+U131*ต้นทุนและราคา!$C$20+IF($C131="16 oz",ต้นทุนและราคา!$C$21,IF($C131="20 oz",ต้นทุนและราคา!$C$22,ต้นทุนและราคา!$C$23)),2) -> 24 | X131: {=IFERROR(INDEX(ต้นทุนและราคา!$C$26:$E$101,MATCH($B131,ต้นทุนและราคา!$A$26:$A$101,0),IF($C131="16 oz",1,IF($C131="20 oz",2,3))),"")} -> 69 | Y131: =IFERROR(($X131-$W131)/$X131,"") -> 0.65217391 | Z131: เมนูใหม่ — ไม่เพิ่มวัตถุดิบใหม่เลย ใช้เบสมะพร้าวตัวเดียวกับ Coconut Tea เป็นการเพิ่มเมนูโดยไม่เพิ่มของเสีย · รอบ 7: เบสชาเขียวไม่มีน้ำตาลแล้ว จึงเติมน้ำเชื่อม 1:1 ชดเชย = 0.128 × ปริมาณเบสชาเขียว · ลดเบสมะพร้าวลงเท่ากับน้ำเชื่อมที่เติม เพื่อคงปริมาตรแก้วเท่าเดิมเป๊ะ (เมนูนี้ไม่มีนมเป็นตัวสลับ)
A132: =IF($B132="","",$B132&"|"&$C132&"|"&$D132) -> Green Honey Milk|16 oz|0% | B132: Green Honey Milk | C132: 16 oz | D132: 0% | E132: 0 | F132: 130 | G132: 55 | H132: 0 | I132: 0 | J132: 0 | K132: 0 | L132: 0 | M132: 0 | N132: 0 | O132: 0 | P132: 0 | Q132: 0 | R132: 0 | S132: 240 | T132: 0 | U132: 0 | V132: =E132+F132+G132+H132+I132+J132+K132+M132+N132+P132+Q132+T132+U132 -> 185 | W132: =ROUND(E132*ต้นทุนและราคา!$C$4+F132*ต้นทุนและราคา!$C$5+G132*ต้นทุนและราคา!$C$6+H132*ต้นทุนและราคา!$C$7+I132*ต้นทุนและราคา!$C$8+J132*ต้นทุนและราคา!$C$9+K132*ต้นทุนและราคา!$C$10+L132*ต้นทุนและราคา!$C$11+M132*ต้นทุนและราคา!$C$12+N132*ต้นทุนและราคา!$C$13+O132*ต้นทุนและราคา!$C$14+P132*ต้นทุนและราคา!$C$15+Q132*ต้นทุนและราคา!$C$16+R132*ต้นทุนและราคา!$C$17+S132*ต้นทุนและราคา!$C$18+T132*ต้นทุนและราคา!$C$19+U132*ต้นทุนและราคา!$C$20+IF($C132="16 oz",ต้นทุนและราคา!$C$21,IF($C132="20 oz",ต้นทุนและราคา!$C$22,ต้นทุนและราคา!$C$23)),2) -> 13.16 | X132: {=IFERROR(INDEX(ต้นทุนและราคา!$C$26:$E$101,MATCH($B132,ต้นทุนและราคา!$A$26:$A$101,0),IF($C132="16 oz",1,IF($C132="20 oz",2,3))),"")} -> 50 | Y132: =IFERROR(($X132-$W132)/$X132,"") -> 0.7368 | Z132: เมนูใหม่ — สะพานสู่มัทฉะ: ขั้นตอนเหมือนมัทฉะลาเต้เป๊ะ วันที่ลงมัทฉะแค่สลับเบส คนชงไม่ต้องเรียนใหม่ · รอบ 7: เบสชาเขียวไม่มีน้ำตาลแล้ว — ระดับ 0% จึงไม่มีน้ำตาลเพิ่มจริง (เดิมยังมีน้ำตาลจากเบส ~11 g) รสจะเปลี่ยนจากเดิม
A133: =IF($B133="","",$B133&"|"&$C133&"|"&$D133) -> Green Honey Milk|16 oz|25% | B133: Green Honey Milk | C133: 16 oz | D133: 25% | E133: 0 | F133: 130 | G133: =ROUND(55-$AD$2*F133,1) -> 38.4 | H133: 0 | I133: 0 | J133: =ROUND(3+$AD$2*F133,1) -> 19.6 | K133: 4 | L133: 0 | M133: 0 | N133: 0 | O133: 0 | P133: 0 | Q133: 0 | R133: 0 | S133: 240 | T133: 0 | U133: 0 | V133: =E133+F133+G133+H133+I133+J133+K133+M133+N133+P133+Q133+T133+U133 -> 192 | W133: =ROUND(E133*ต้นทุนและราคา!$C$4+F133*ต้นทุนและราคา!$C$5+G133*ต้นทุนและราคา!$C$6+H133*ต้นทุนและราคา!$C$7+I133*ต้นทุนและราคา!$C$8+J133*ต้นทุนและราคา!$C$9+K133*ต้นทุนและราคา!$C$10+L133*ต้นทุนและราคา!$C$11+M133*ต้นทุนและราคา!$C$12+N133*ต้นทุนและราคา!$C$13+O133*ต้นทุนและราคา!$C$14+P133*ต้นทุนและราคา!$C$15+Q133*ต้นทุนและราคา!$C$16+R133*ต้นทุนและราคา!$C$17+S133*ต้นทุนและราคา!$C$18+T133*ต้นทุนและราคา!$C$19+U133*ต้นทุนและราคา!$C$20+IF($C133="16 oz",ต้นทุนและราคา!$C$21,IF($C133="20 oz",ต้นทุนและราคา!$C$22,ต้นทุนและราคา!$C$23)),2) -> 13.63 | X133: {=IFERROR(INDEX(ต้นทุนและราคา!$C$26:$E$101,MATCH($B133,ต้นทุนและราคา!$A$26:$A$101,0),IF($C133="16 oz",1,IF($C133="20 oz",2,3))),"")} -> 50 | Y133: =IFERROR(($X133-$W133)/$X133,"") -> 0.7274 | Z133: เมนูใหม่ — สะพานสู่มัทฉะ: ขั้นตอนเหมือนมัทฉะลาเต้เป๊ะ วันที่ลงมัทฉะแค่สลับเบส คนชงไม่ต้องเรียนใหม่ · รอบ 7: เบสชาเขียวไม่มีน้ำตาลแล้ว จึงเติมน้ำเชื่อม 1:1 ชดเชย = 0.128 × ปริมาณเบสชาเขียว และลด นมสด ลงเท่ากัน เพื่อคุมปริมาตรแก้วให้เท่าเดิม
A134: =IF($B134="","",$B134&"|"&$C134&"|"&$D134) -> Green Honey Milk|16 oz|50% | B134: Green Honey Milk | C134: 16 oz | D134: 50% | E134: 0 | F134: 130 | G134: =ROUND(55-$AD$2*F134,1) -> 38.4 | H134: 0 | I134: 0 | J134: =ROUND(6+$AD$2*F134,1) -> 22.6 | K134: 8 | L134: 0 | M134: 0 | N134: 0 | O134: 0 | P134: 0 | Q134: 0 | R134: 0 | S134: 240 | T134: 0 | U134: 0 | V134: =E134+F134+G134+H134+I134+J134+K134+M134+N134+P134+Q134+T134+U134 -> 199 | W134: =ROUND(E134*ต้นทุนและราคา!$C$4+F134*ต้นทุนและราคา!$C$5+G134*ต้นทุนและราคา!$C$6+H134*ต้นทุนและราคา!$C$7+I134*ต้นทุนและราคา!$C$8+J134*ต้นทุนและราคา!$C$9+K134*ต้นทุนและราคา!$C$10+L134*ต้นทุนและราคา!$C$11+M134*ต้นทุนและราคา!$C$12+N134*ต้นทุนและราคา!$C$13+O134*ต้นทุนและราคา!$C$14+P134*ต้นทุนและราคา!$C$15+Q134*ต้นทุนและราคา!$C$16+R134*ต้นทุนและราคา!$C$17+S134*ต้นทุนและราคา!$C$18+T134*ต้นทุนและราคา!$C$19+U134*ต้นทุนและราคา!$C$20+IF($C134="16 oz",ต้นทุนและราคา!$C$21,IF($C134="20 oz",ต้นทุนและราคา!$C$22,ต้นทุนและราคา!$C$23)),2) -> 14.61 | X134: {=IFERROR(INDEX(ต้นทุนและราคา!$C$26:$E$101,MATCH($B134,ต้นทุนและราคา!$A$26:$A$101,0),IF($C134="16 oz",1,IF($C134="20 oz",2,3))),"")} -> 50 | Y134: =IFERROR(($X134-$W134)/$X134,"") -> 0.7078 | Z134: เมนูใหม่ — สะพานสู่มัทฉะ: ขั้นตอนเหมือนมัทฉะลาเต้เป๊ะ วันที่ลงมัทฉะแค่สลับเบส คนชงไม่ต้องเรียนใหม่ · รอบ 7: เบสชาเขียวไม่มีน้ำตาลแล้ว จึงเติมน้ำเชื่อม 1:1 ชดเชย = 0.128 × ปริมาณเบสชาเขียว และลด นมสด ลงเท่ากัน เพื่อคุมปริมาตรแก้วให้เท่าเดิม
A135: =IF($B135="","",$B135&"|"&$C135&"|"&$D135) -> Green Honey Milk|16 oz|75% | B135: Green Honey Milk | C135: 16 oz | D135: 75% | E135: 0 | F135: 130 | G135: =ROUND(55-$AD$2*F135,1) -> 38.4 | H135: 0 | I135: 0 | J135: =ROUND(9+$AD$2*F135,1) -> 25.6 | K135: 12 | L135: 0 | M135: 0 | N135: 0 | O135: 0 | P135: 0 | Q135: 0 | R135: 0 | S135: 240 | T135: 0 | U135: 0 | V135: =E135+F135+G135+H135+I135+J135+K135+M135+N135+P135+Q135+T135+U135 -> 206 | W135: =ROUND(E135*ต้นทุนและราคา!$C$4+F135*ต้นทุนและราคา!$C$5+G135*ต้นทุนและราคา!$C$6+H135*ต้นทุนและราคา!$C$7+I135*ต้นทุนและราคา!$C$8+J135*ต้นทุนและราคา!$C$9+K135*ต้นทุนและราคา!$C$10+L135*ต้นทุนและราคา!$C$11+M135*ต้นทุนและราคา!$C$12+N135*ต้นทุนและราคา!$C$13+O135*ต้นทุนและราคา!$C$14+P135*ต้นทุนและราคา!$C$15+Q135*ต้นทุนและราคา!$C$16+R135*ต้นทุนและราคา!$C$17+S135*ต้นทุนและราคา!$C$18+T135*ต้นทุนและราคา!$C$19+U135*ต้นทุนและราคา!$C$20+IF($C135="16 oz",ต้นทุนและราคา!$C$21,IF($C135="20 oz",ต้นทุนและราคา!$C$22,ต้นทุนและราคา!$C$23)),2) -> 15.6 | X135: {=IFERROR(INDEX(ต้นทุนและราคา!$C$26:$E$101,MATCH($B135,ต้นทุนและราคา!$A$26:$A$101,0),IF($C135="16 oz",1,IF($C135="20 oz",2,3))),"")} -> 50 | Y135: =IFERROR(($X135-$W135)/$X135,"") -> 0.688 | Z135: เมนูใหม่ — สะพานสู่มัทฉะ: ขั้นตอนเหมือนมัทฉะลาเต้เป๊ะ วันที่ลงมัทฉะแค่สลับเบส คนชงไม่ต้องเรียนใหม่ · รอบ 7: เบสชาเขียวไม่มีน้ำตาลแล้ว จึงเติมน้ำเชื่อม 1:1 ชดเชย = 0.128 × ปริมาณเบสชาเขียว และลด นมสด ลงเท่ากัน เพื่อคุมปริมาตรแก้วให้เท่าเดิม
A136: =IF($B136="","",$B136&"|"&$C136&"|"&$D136) -> Green Honey Milk|16 oz|100% | B136: Green Honey Milk | C136: 16 oz | D136: 100% | E136: 0 | F136: 130 | G136: =ROUND(55-$AD$2*F136,1) -> 38.4 | H136: 0 | I136: 0 | J136: =ROUND(12+$AD$2*F136,1) -> 28.6 | K136: 16 | L136: 0 | M136: 0 | N136: 0 | O136: 0 | P136: 0 | Q136: 0 | R136: 0 | S136: 240 | T136: 0 | U136: 0 | V136: =E136+F136+G136+H136+I136+J136+K136+M136+N136+P136+Q136+T136+U136 -> 213 | W136: =ROUND(E136*ต้นทุนและราคา!$C$4+F136*ต้นทุนและราคา!$C$5+G136*ต้นทุนและราคา!$C$6+H136*ต้นทุนและราคา!$C$7+I136*ต้นทุนและราคา!$C$8+J136*ต้นทุนและราคา!$C$9+K136*ต้นทุนและราคา!$C$10+L136*ต้นทุนและราคา!$C$11+M136*ต้นทุนและราคา!$C$12+N136*ต้นทุนและราคา!$C$13+O136*ต้นทุนและราคา!$C$14+P136*ต้นทุนและราคา!$C$15+Q136*ต้นทุนและราคา!$C$16+R136*ต้นทุนและราคา!$C$17+S136*ต้นทุนและราคา!$C$18+T136*ต้นทุนและราคา!$C$19+U136*ต้นทุนและราคา!$C$20+IF($C136="16 oz",ต้นทุนและราคา!$C$21,IF($C136="20 oz",ต้นทุนและราคา!$C$22,ต้นทุนและราคา!$C$23)),2) -> 16.58 | X136: {=IFERROR(INDEX(ต้นทุนและราคา!$C$26:$E$101,MATCH($B136,ต้นทุนและราคา!$A$26:$A$101,0),IF($C136="16 oz",1,IF($C136="20 oz",2,3))),"")} -> 50 | Y136: =IFERROR(($X136-$W136)/$X136,"") -> 0.6684 | Z136: เมนูใหม่ — สะพานสู่มัทฉะ: ขั้นตอนเหมือนมัทฉะลาเต้เป๊ะ วันที่ลงมัทฉะแค่สลับเบส คนชงไม่ต้องเรียนใหม่ · รอบ 7: เบสชาเขียวไม่มีน้ำตาลแล้ว จึงเติมน้ำเชื่อม 1:1 ชดเชย = 0.128 × ปริมาณเบสชาเขียว และลด นมสด ลงเท่ากัน เพื่อคุมปริมาตรแก้วให้เท่าเดิม
A137: =IF($B137="","",$B137&"|"&$C137&"|"&$D137) -> Green Honey Milk|22 oz|0% | B137: Green Honey Milk | C137: 22 oz | D137: 0% | E137: 0 | F137: 179 | G137: 75.5 | H137: 0 | I137: 0 | J137: 0 | K137: 0 | L137: 0 | M137: 0 | N137: 0 | O137: 0 | P137: 0 | Q137: 0 | R137: 0 | S137: 330 | T137: 0 | U137: 0 | V137: =E137+F137+G137+H137+I137+J137+K137+M137+N137+P137+Q137+T137+U137 -> 254.5 | W137: =ROUND(E137*ต้นทุนและราคา!$C$4+F137*ต้นทุนและราคา!$C$5+G137*ต้นทุนและราคา!$C$6+H137*ต้นทุนและราคา!$C$7+I137*ต้นทุนและราคา!$C$8+J137*ต้นทุนและราคา!$C$9+K137*ต้นทุนและราคา!$C$10+L137*ต้นทุนและราคา!$C$11+M137*ต้นทุนและราคา!$C$12+N137*ต้นทุนและราคา!$C$13+O137*ต้นทุนและราคา!$C$14+P137*ต้นทุนและราคา!$C$15+Q137*ต้นทุนและราคา!$C$16+R137*ต้นทุนและราคา!$C$17+S137*ต้นทุนและราคา!$C$18+T137*ต้นทุนและราคา!$C$19+U137*ต้นทุนและราคา!$C$20+IF($C137="16 oz",ต้นทุนและราคา!$C$21,IF($C137="20 oz",ต้นทุนและราคา!$C$22,ต้นทุนและราคา!$C$23)),2) -> 17.4 | X137: {=IFERROR(INDEX(ต้นทุนและราคา!$C$26:$E$101,MATCH($B137,ต้นทุนและราคา!$A$26:$A$101,0),IF($C137="16 oz",1,IF($C137="20 oz",2,3))),"")} -> 60 | Y137: =IFERROR(($X137-$W137)/$X137,"") -> 0.71 | Z137: เมนูใหม่ — สะพานสู่มัทฉะ: ขั้นตอนเหมือนมัทฉะลาเต้เป๊ะ วันที่ลงมัทฉะแค่สลับเบส คนชงไม่ต้องเรียนใหม่ · รอบ 7: เบสชาเขียวไม่มีน้ำตาลแล้ว — ระดับ 0% จึงไม่มีน้ำตาลเพิ่มจริง (เดิมยังมีน้ำตาลจากเบส ~11 g) รสจะเปลี่ยนจากเดิม
A138: =IF($B138="","",$B138&"|"&$C138&"|"&$D138) -> Green Honey Milk|22 oz|25% | B138: Green Honey Milk | C138: 22 oz | D138: 25% | E138: 0 | F138: 179 | G138: =ROUND(75.5-$AD$2*F138,1) -> 52.6 | H138: 0 | I138: 0 | J138: =ROUND(4+$AD$2*F138,1) -> 26.9 | K138: 5.5 | L138: 0 | M138: 0 | N138: 0 | O138: 0 | P138: 0 | Q138: 0 | R138: 0 | S138: 330 | T138: 0 | U138: 0 | V138: =E138+F138+G138+H138+I138+J138+K138+M138+N138+P138+Q138+T138+U138 -> 264 | W138: =ROUND(E138*ต้นทุนและราคา!$C$4+F138*ต้นทุนและราคา!$C$5+G138*ต้นทุนและราคา!$C$6+H138*ต้นทุนและราคา!$C$7+I138*ต้นทุนและราคา!$C$8+J138*ต้นทุนและราคา!$C$9+K138*ต้นทุนและราคา!$C$10+L138*ต้นทุนและราคา!$C$11+M138*ต้นทุนและราคา!$C$12+N138*ต้นทุนและราคา!$C$13+O138*ต้นทุนและราคา!$C$14+P138*ต้นทุนและราคา!$C$15+Q138*ต้นทุนและราคา!$C$16+R138*ต้นทุนและราคา!$C$17+S138*ต้นทุนและราคา!$C$18+T138*ต้นทุนและราคา!$C$19+U138*ต้นทุนและราคา!$C$20+IF($C138="16 oz",ต้นทุนและราคา!$C$21,IF($C138="20 oz",ต้นทุนและราคา!$C$22,ต้นทุนและราคา!$C$23)),2) -> 18.04 | X138: {=IFERROR(INDEX(ต้นทุนและราคา!$C$26:$E$101,MATCH($B138,ต้นทุนและราคา!$A$26:$A$101,0),IF($C138="16 oz",1,IF($C138="20 oz",2,3))),"")} -> 60 | Y138: =IFERROR(($X138-$W138)/$X138,"") -> 0.69933333 | Z138: เมนูใหม่ — สะพานสู่มัทฉะ: ขั้นตอนเหมือนมัทฉะลาเต้เป๊ะ วันที่ลงมัทฉะแค่สลับเบส คนชงไม่ต้องเรียนใหม่ · รอบ 7: เบสชาเขียวไม่มีน้ำตาลแล้ว จึงเติมน้ำเชื่อม 1:1 ชดเชย = 0.128 × ปริมาณเบสชาเขียว และลด นมสด ลงเท่ากัน เพื่อคุมปริมาตรแก้วให้เท่าเดิม
A139: =IF($B139="","",$B139&"|"&$C139&"|"&$D139) -> Green Honey Milk|22 oz|50% | B139: Green Honey Milk | C139: 22 oz | D139: 50% | E139: 0 | F139: 179 | G139: =ROUND(75.5-$AD$2*F139,1) -> 52.6 | H139: 0 | I139: 0 | J139: =ROUND(8+$AD$2*F139,1) -> 30.9 | K139: 11 | L139: 0 | M139: 0 | N139: 0 | O139: 0 | P139: 0 | Q139: 0 | R139: 0 | S139: 330 | T139: 0 | U139: 0 | V139: =E139+F139+G139+H139+I139+J139+K139+M139+N139+P139+Q139+T139+U139 -> 273.5 | W139: =ROUND(E139*ต้นทุนและราคา!$C$4+F139*ต้นทุนและราคา!$C$5+G139*ต้นทุนและราคา!$C$6+H139*ต้นทุนและราคา!$C$7+I139*ต้นทุนและราคา!$C$8+J139*ต้นทุนและราคา!$C$9+K139*ต้นทุนและราคา!$C$10+L139*ต้นทุนและราคา!$C$11+M139*ต้นทุนและราคา!$C$12+N139*ต้นทุนและราคา!$C$13+O139*ต้นทุนและราคา!$C$14+P139*ต้นทุนและราคา!$C$15+Q139*ต้นทุนและราคา!$C$16+R139*ต้นทุนและราคา!$C$17+S139*ต้นทุนและราคา!$C$18+T139*ต้นทุนและราคา!$C$19+U139*ต้นทุนและราคา!$C$20+IF($C139="16 oz",ต้นทุนและราคา!$C$21,IF($C139="20 oz",ต้นทุนและราคา!$C$22,ต้นทุนและราคา!$C$23)),2) -> 19.39 | X139: {=IFERROR(INDEX(ต้นทุนและราคา!$C$26:$E$101,MATCH($B139,ต้นทุนและราคา!$A$26:$A$101,0),IF($C139="16 oz",1,IF($C139="20 oz",2,3))),"")} -> 60 | Y139: =IFERROR(($X139-$W139)/$X139,"") -> 0.67683333 | Z139: เมนูใหม่ — สะพานสู่มัทฉะ: ขั้นตอนเหมือนมัทฉะลาเต้เป๊ะ วันที่ลงมัทฉะแค่สลับเบส คนชงไม่ต้องเรียนใหม่ · รอบ 7: เบสชาเขียวไม่มีน้ำตาลแล้ว จึงเติมน้ำเชื่อม 1:1 ชดเชย = 0.128 × ปริมาณเบสชาเขียว และลด นมสด ลงเท่ากัน เพื่อคุมปริมาตรแก้วให้เท่าเดิม
A140: =IF($B140="","",$B140&"|"&$C140&"|"&$D140) -> Green Honey Milk|22 oz|75% | B140: Green Honey Milk | C140: 22 oz | D140: 75% | E140: 0 | F140: 179 | G140: =ROUND(75.5-$AD$2*F140,1) -> 52.6 | H140: 0 | I140: 0 | J140: =ROUND(12.5+$AD$2*F140,1) -> 35.4 | K140: 16.5 | L140: 0 | M140: 0 | N140: 0 | O140: 0 | P140: 0 | Q140: 0 | R140: 0 | S140: 330 | T140: 0 | U140: 0 | V140: =E140+F140+G140+H140+I140+J140+K140+M140+N140+P140+Q140+T140+U140 -> 283.5 | W140: =ROUND(E140*ต้นทุนและราคา!$C$4+F140*ต้นทุนและราคา!$C$5+G140*ต้นทุนและราคา!$C$6+H140*ต้นทุนและราคา!$C$7+I140*ต้นทุนและราคา!$C$8+J140*ต้นทุนและราคา!$C$9+K140*ต้นทุนและราคา!$C$10+L140*ต้นทุนและราคา!$C$11+M140*ต้นทุนและราคา!$C$12+N140*ต้นทุนและราคา!$C$13+O140*ต้นทุนและราคา!$C$14+P140*ต้นทุนและราคา!$C$15+Q140*ต้นทุนและราคา!$C$16+R140*ต้นทุนและราคา!$C$17+S140*ต้นทุนและราคา!$C$18+T140*ต้นทุนและราคา!$C$19+U140*ต้นทุนและราคา!$C$20+IF($C140="16 oz",ต้นทุนและราคา!$C$21,IF($C140="20 oz",ต้นทุนและราคา!$C$22,ต้นทุนและราคา!$C$23)),2) -> 20.75 | X140: {=IFERROR(INDEX(ต้นทุนและราคา!$C$26:$E$101,MATCH($B140,ต้นทุนและราคา!$A$26:$A$101,0),IF($C140="16 oz",1,IF($C140="20 oz",2,3))),"")} -> 60 | Y140: =IFERROR(($X140-$W140)/$X140,"") -> 0.65416667 | Z140: เมนูใหม่ — สะพานสู่มัทฉะ: ขั้นตอนเหมือนมัทฉะลาเต้เป๊ะ วันที่ลงมัทฉะแค่สลับเบส คนชงไม่ต้องเรียนใหม่ · รอบ 7: เบสชาเขียวไม่มีน้ำตาลแล้ว จึงเติมน้ำเชื่อม 1:1 ชดเชย = 0.128 × ปริมาณเบสชาเขียว และลด นมสด ลงเท่ากัน เพื่อคุมปริมาตรแก้วให้เท่าเดิม
A141: =IF($B141="","",$B141&"|"&$C141&"|"&$D141) -> Green Honey Milk|22 oz|100% | B141: Green Honey Milk | C141: 22 oz | D141: 100% | E141: 0 | F141: 179 | G141: =ROUND(75.5-$AD$2*F141,1) -> 52.6 | H141: 0 | I141: 0 | J141: =ROUND(16.5+$AD$2*F141,1) -> 39.4 | K141: 22 | L141: 0 | M141: 0 | N141: 0 | O141: 0 | P141: 0 | Q141: 0 | R141: 0 | S141: 330 | T141: 0 | U141: 0 | V141: =E141+F141+G141+H141+I141+J141+K141+M141+N141+P141+Q141+T141+U141 -> 293 | W141: =ROUND(E141*ต้นทุนและราคา!$C$4+F141*ต้นทุนและราคา!$C$5+G141*ต้นทุนและราคา!$C$6+H141*ต้นทุนและราคา!$C$7+I141*ต้นทุนและราคา!$C$8+J141*ต้นทุนและราคา!$C$9+K141*ต้นทุนและราคา!$C$10+L141*ต้นทุนและราคา!$C$11+M141*ต้นทุนและราคา!$C$12+N141*ต้นทุนและราคา!$C$13+O141*ต้นทุนและราคา!$C$14+P141*ต้นทุนและราคา!$C$15+Q141*ต้นทุนและราคา!$C$16+R141*ต้นทุนและราคา!$C$17+S141*ต้นทุนและราคา!$C$18+T141*ต้นทุนและราคา!$C$19+U141*ต้นทุนและราคา!$C$20+IF($C141="16 oz",ต้นทุนและราคา!$C$21,IF($C141="20 oz",ต้นทุนและราคา!$C$22,ต้นทุนและราคา!$C$23)),2) -> 22.1 | X141: {=IFERROR(INDEX(ต้นทุนและราคา!$C$26:$E$101,MATCH($B141,ต้นทุนและราคา!$A$26:$A$101,0),IF($C141="16 oz",1,IF($C141="20 oz",2,3))),"")} -> 60 | Y141: =IFERROR(($X141-$W141)/$X141,"") -> 0.63166667 | Z141: เมนูใหม่ — สะพานสู่มัทฉะ: ขั้นตอนเหมือนมัทฉะลาเต้เป๊ะ วันที่ลงมัทฉะแค่สลับเบส คนชงไม่ต้องเรียนใหม่ · รอบ 7: เบสชาเขียวไม่มีน้ำตาลแล้ว จึงเติมน้ำเชื่อม 1:1 ชดเชย = 0.128 × ปริมาณเบสชาเขียว และลด นมสด ลงเท่ากัน เพื่อคุมปริมาตรแก้วให้เท่าเดิม
A142: =IF($B142="","",$B142&"|"&$C142&"|"&$D142) -> Green Berry Soda|16 oz|0% | B142: Green Berry Soda | C142: 16 oz | D142: 0% | E142: 0 | F142: 100 | G142: 0 | H142: 0 | I142: 0 | J142: 0 | K142: 0 | L142: 0 | M142: 0 | N142: 0 | O142: 28 | P142: 6 | Q142: 80 | R142: 0 | S142: 240 | T142: 0 | U142: 0 | V142: =E142+F142+G142+H142+I142+J142+K142+M142+N142+P142+Q142+T142+U142 -> 186 | W142: =ROUND(E142*ต้นทุนและราคา!$C$4+F142*ต้นทุนและราคา!$C$5+G142*ต้นทุนและราคา!$C$6+H142*ต้นทุนและราคา!$C$7+I142*ต้นทุนและราคา!$C$8+J142*ต้นทุนและราคา!$C$9+K142*ต้นทุนและราคา!$C$10+L142*ต้นทุนและราคา!$C$11+M142*ต้นทุนและราคา!$C$12+N142*ต้นทุนและราคา!$C$13+O142*ต้นทุนและราคา!$C$14+P142*ต้นทุนและราคา!$C$15+Q142*ต้นทุนและราคา!$C$16+R142*ต้นทุนและราคา!$C$17+S142*ต้นทุนและราคา!$C$18+T142*ต้นทุนและราคา!$C$19+U142*ต้นทุนและราคา!$C$20+IF($C142="16 oz",ต้นทุนและราคา!$C$21,IF($C142="20 oz",ต้นทุนและราคา!$C$22,ต้นทุนและราคา!$C$23)),2) -> 18 | X142: {=IFERROR(INDEX(ต้นทุนและราคา!$C$26:$E$101,MATCH($B142,ต้นทุนและราคา!$A$26:$A$101,0),IF($C142="16 oz",1,IF($C142="20 oz",2,3))),"")} -> 50 | Y142: =IFERROR(($X142-$W142)/$X142,"") -> 0.64 | Z142: เมนูใหม่ — ไม่มีนม เก็บได้ ถ่ายรูปติด และเปลี่ยนซอสตามฤดูได้ (พีช/เสาวรส/ลิ้นจี่) โดยไม่ต้องเรียนสูตรใหม่ · ซอส 28 g เพิ่มปริมาตรอีก ~25 ml ที่ไม่ได้นับในคอลัมน์ของเหลวรวม · รอบ 7: เบสชาเขียวไม่มีน้ำตาลแล้ว — ระดับ 0% จึงไม่มีน้ำตาลเพิ่มจริง (เดิมยังมีน้ำตาลจากเบส ~11 g) รสจะเปลี่ยนจากเดิม
A143: =IF($B143="","",$B143&"|"&$C143&"|"&$D143) -> Green Berry Soda|16 oz|25% | B143: Green Berry Soda | C143: 16 oz | D143: 25% | E143: 0 | F143: 100 | G143: 0 | H143: 0 | I143: 0 | J143: =ROUND(4+$AD$2*F143,1) -> 16.8 | K143: 0 | L143: 0 | M143: 0 | N143: 0 | O143: 28 | P143: 6 | Q143: 80 | R143: 0 | S143: 240 | T143: 0 | U143: 0 | V143: =E143+F143+G143+H143+I143+J143+K143+M143+N143+P143+Q143+T143+U143 -> 202.8 | W143: =ROUND(E143*ต้นทุนและราคา!$C$4+F143*ต้นทุนและราคา!$C$5+G143*ต้นทุนและราคา!$C$6+H143*ต้นทุนและราคา!$C$7+I143*ต้นทุนและราคา!$C$8+J143*ต้นทุนและราคา!$C$9+K143*ต้นทุนและราคา!$C$10+L143*ต้นทุนและราคา!$C$11+M143*ต้นทุนและราคา!$C$12+N143*ต้นทุนและราคา!$C$13+O143*ต้นทุนและราคา!$C$14+P143*ต้นทุนและราคา!$C$15+Q143*ต้นทุนและราคา!$C$16+R143*ต้นทุนและราคา!$C$17+S143*ต้นทุนและราคา!$C$18+T143*ต้นทุนและราคา!$C$19+U143*ต้นทุนและราคา!$C$20+IF($C143="16 oz",ต้นทุนและราคา!$C$21,IF($C143="20 oz",ต้นทุนและราคา!$C$22,ต้นทุนและราคา!$C$23)),2) -> 18.28 | X143: {=IFERROR(INDEX(ต้นทุนและราคา!$C$26:$E$101,MATCH($B143,ต้นทุนและราคา!$A$26:$A$101,0),IF($C143="16 oz",1,IF($C143="20 oz",2,3))),"")} -> 50 | Y143: =IFERROR(($X143-$W143)/$X143,"") -> 0.6344 | Z143: เมนูใหม่ — ไม่มีนม เก็บได้ ถ่ายรูปติด และเปลี่ยนซอสตามฤดูได้ (พีช/เสาวรส/ลิ้นจี่) โดยไม่ต้องเรียนสูตรใหม่ · ซอส 28 g เพิ่มปริมาตรอีก ~25 ml ที่ไม่ได้นับในคอลัมน์ของเหลวรวม · รอบ 7: เบสชาเขียวไม่มีน้ำตาลแล้ว จึงเติมน้ำเชื่อม 1:1 ชดเชย = 0.128 × ปริมาณเบสชาเขียว
A144: =IF($B144="","",$B144&"|"&$C144&"|"&$D144) -> Green Berry Soda|16 oz|50% | B144: Green Berry Soda | C144: 16 oz | D144: 50% | E144: 0 | F144: 100 | G144: 0 | H144: 0 | I144: 0 | J144: =ROUND(8+$AD$2*F144,1) -> 20.8 | K144: 0 | L144: 0 | M144: 0 | N144: 0 | O144: 28 | P144: 6 | Q144: 80 | R144: 0 | S144: 240 | T144: 0 | U144: 0 | V144: =E144+F144+G144+H144+I144+J144+K144+M144+N144+P144+Q144+T144+U144 -> 206.8 | W144: =ROUND(E144*ต้นทุนและราคา!$C$4+F144*ต้นทุนและราคา!$C$5+G144*ต้นทุนและราคา!$C$6+H144*ต้นทุนและราคา!$C$7+I144*ต้นทุนและราคา!$C$8+J144*ต้นทุนและราคา!$C$9+K144*ต้นทุนและราคา!$C$10+L144*ต้นทุนและราคา!$C$11+M144*ต้นทุนและราคา!$C$12+N144*ต้นทุนและราคา!$C$13+O144*ต้นทุนและราคา!$C$14+P144*ต้นทุนและราคา!$C$15+Q144*ต้นทุนและราคา!$C$16+R144*ต้นทุนและราคา!$C$17+S144*ต้นทุนและราคา!$C$18+T144*ต้นทุนและราคา!$C$19+U144*ต้นทุนและราคา!$C$20+IF($C144="16 oz",ต้นทุนและราคา!$C$21,IF($C144="20 oz",ต้นทุนและราคา!$C$22,ต้นทุนและราคา!$C$23)),2) -> 18.34 | X144: {=IFERROR(INDEX(ต้นทุนและราคา!$C$26:$E$101,MATCH($B144,ต้นทุนและราคา!$A$26:$A$101,0),IF($C144="16 oz",1,IF($C144="20 oz",2,3))),"")} -> 50 | Y144: =IFERROR(($X144-$W144)/$X144,"") -> 0.6332 | Z144: เมนูใหม่ — ไม่มีนม เก็บได้ ถ่ายรูปติด และเปลี่ยนซอสตามฤดูได้ (พีช/เสาวรส/ลิ้นจี่) โดยไม่ต้องเรียนสูตรใหม่ · ซอส 28 g เพิ่มปริมาตรอีก ~25 ml ที่ไม่ได้นับในคอลัมน์ของเหลวรวม · รอบ 7: เบสชาเขียวไม่มีน้ำตาลแล้ว จึงเติมน้ำเชื่อม 1:1 ชดเชย = 0.128 × ปริมาณเบสชาเขียว
A145: =IF($B145="","",$B145&"|"&$C145&"|"&$D145) -> Green Berry Soda|16 oz|75% | B145: Green Berry Soda | C145: 16 oz | D145: 75% | E145: 0 | F145: 100 | G145: 0 | H145: 0 | I145: 0 | J145: =ROUND(12+$AD$2*F145,1) -> 24.8 | K145: 0 | L145: 0 | M145: 0 | N145: 0 | O145: 28 | P145: 6 | Q145: 80 | R145: 0 | S145: 240 | T145: 0 | U145: 0 | V145: =E145+F145+G145+H145+I145+J145+K145+M145+N145+P145+Q145+T145+U145 -> 210.8 | W145: =ROUND(E145*ต้นทุนและราคา!$C$4+F145*ต้นทุนและราคา!$C$5+G145*ต้นทุนและราคา!$C$6+H145*ต้นทุนและราคา!$C$7+I145*ต้นทุนและราคา!$C$8+J145*ต้นทุนและราคา!$C$9+K145*ต้นทุนและราคา!$C$10+L145*ต้นทุนและราคา!$C$11+M145*ต้นทุนและราคา!$C$12+N145*ต้นทุนและราคา!$C$13+O145*ต้นทุนและราคา!$C$14+P145*ต้นทุนและราคา!$C$15+Q145*ต้นทุนและราคา!$C$16+R145*ต้นทุนและราคา!$C$17+S145*ต้นทุนและราคา!$C$18+T145*ต้นทุนและราคา!$C$19+U145*ต้นทุนและราคา!$C$20+IF($C145="16 oz",ต้นทุนและราคา!$C$21,IF($C145="20 oz",ต้นทุนและราคา!$C$22,ต้นทุนและราคา!$C$23)),2) -> 18.41 | X145: {=IFERROR(INDEX(ต้นทุนและราคา!$C$26:$E$101,MATCH($B145,ต้นทุนและราคา!$A$26:$A$101,0),IF($C145="16 oz",1,IF($C145="20 oz",2,3))),"")} -> 50 | Y145: =IFERROR(($X145-$W145)/$X145,"") -> 0.6318 | Z145: เมนูใหม่ — ไม่มีนม เก็บได้ ถ่ายรูปติด และเปลี่ยนซอสตามฤดูได้ (พีช/เสาวรส/ลิ้นจี่) โดยไม่ต้องเรียนสูตรใหม่ · ซอส 28 g เพิ่มปริมาตรอีก ~25 ml ที่ไม่ได้นับในคอลัมน์ของเหลวรวม · รอบ 7: เบสชาเขียวไม่มีน้ำตาลแล้ว จึงเติมน้ำเชื่อม 1:1 ชดเชย = 0.128 × ปริมาณเบสชาเขียว
A146: =IF($B146="","",$B146&"|"&$C146&"|"&$D146) -> Green Berry Soda|16 oz|100% | B146: Green Berry Soda | C146: 16 oz | D146: 100% | E146: 0 | F146: 100 | G146: 0 | H146: 0 | I146: 0 | J146: =ROUND(16+$AD$2*F146,1) -> 28.8 | K146: 0 | L146: 0 | M146: 0 | N146: 0 | O146: 28 | P146: 6 | Q146: 80 | R146: 0 | S146: 240 | T146: 0 | U146: 0 | V146: =E146+F146+G146+H146+I146+J146+K146+M146+N146+P146+Q146+T146+U146 -> 214.8 | W146: =ROUND(E146*ต้นทุนและราคา!$C$4+F146*ต้นทุนและราคา!$C$5+G146*ต้นทุนและราคา!$C$6+H146*ต้นทุนและราคา!$C$7+I146*ต้นทุนและราคา!$C$8+J146*ต้นทุนและราคา!$C$9+K146*ต้นทุนและราคา!$C$10+L146*ต้นทุนและราคา!$C$11+M146*ต้นทุนและราคา!$C$12+N146*ต้นทุนและราคา!$C$13+O146*ต้นทุนและราคา!$C$14+P146*ต้นทุนและราคา!$C$15+Q146*ต้นทุนและราคา!$C$16+R146*ต้นทุนและราคา!$C$17+S146*ต้นทุนและราคา!$C$18+T146*ต้นทุนและราคา!$C$19+U146*ต้นทุนและราคา!$C$20+IF($C146="16 oz",ต้นทุนและราคา!$C$21,IF($C146="20 oz",ต้นทุนและราคา!$C$22,ต้นทุนและราคา!$C$23)),2) -> 18.48 | X146: {=IFERROR(INDEX(ต้นทุนและราคา!$C$26:$E$101,MATCH($B146,ต้นทุนและราคา!$A$26:$A$101,0),IF($C146="16 oz",1,IF($C146="20 oz",2,3))),"")} -> 50 | Y146: =IFERROR(($X146-$W146)/$X146,"") -> 0.6304 | Z146: เมนูใหม่ — ไม่มีนม เก็บได้ ถ่ายรูปติด และเปลี่ยนซอสตามฤดูได้ (พีช/เสาวรส/ลิ้นจี่) โดยไม่ต้องเรียนสูตรใหม่ · ซอส 28 g เพิ่มปริมาตรอีก ~25 ml ที่ไม่ได้นับในคอลัมน์ของเหลวรวม · รอบ 7: เบสชาเขียวไม่มีน้ำตาลแล้ว จึงเติมน้ำเชื่อม 1:1 ชดเชย = 0.128 × ปริมาณเบสชาเขียว
A147: =IF($B147="","",$B147&"|"&$C147&"|"&$D147) -> Green Berry Soda|22 oz|0% | B147: Green Berry Soda | C147: 22 oz | D147: 0% | E147: 0 | F147: 137.5 | G147: 0 | H147: 0 | I147: 0 | J147: 0 | K147: 0 | L147: 0 | M147: 0 | N147: 0 | O147: 38.5 | P147: 8 | Q147: 110 | R147: 0 | S147: 330 | T147: 0 | U147: 0 | V147: =E147+F147+G147+H147+I147+J147+K147+M147+N147+P147+Q147+T147+U147 -> 255.5 | W147: =ROUND(E147*ต้นทุนและราคา!$C$4+F147*ต้นทุนและราคา!$C$5+G147*ต้นทุนและราคา!$C$6+H147*ต้นทุนและราคา!$C$7+I147*ต้นทุนและราคา!$C$8+J147*ต้นทุนและราคา!$C$9+K147*ต้นทุนและราคา!$C$10+L147*ต้นทุนและราคา!$C$11+M147*ต้นทุนและราคา!$C$12+N147*ต้นทุนและราคา!$C$13+O147*ต้นทุนและราคา!$C$14+P147*ต้นทุนและราคา!$C$15+Q147*ต้นทุนและราคา!$C$16+R147*ต้นทุนและราคา!$C$17+S147*ต้นทุนและราคา!$C$18+T147*ต้นทุนและราคา!$C$19+U147*ต้นทุนและราคา!$C$20+IF($C147="16 oz",ต้นทุนและราคา!$C$21,IF($C147="20 oz",ต้นทุนและราคา!$C$22,ต้นทุนและราคา!$C$23)),2) -> 23.98 | X147: {=IFERROR(INDEX(ต้นทุนและราคา!$C$26:$E$101,MATCH($B147,ต้นทุนและราคา!$A$26:$A$101,0),IF($C147="16 oz",1,IF($C147="20 oz",2,3))),"")} -> 65 | Y147: =IFERROR(($X147-$W147)/$X147,"") -> 0.63107692 | Z147: เมนูใหม่ — ไม่มีนม เก็บได้ ถ่ายรูปติด และเปลี่ยนซอสตามฤดูได้ (พีช/เสาวรส/ลิ้นจี่) โดยไม่ต้องเรียนสูตรใหม่ · ซอส 28 g เพิ่มปริมาตรอีก ~25 ml ที่ไม่ได้นับในคอลัมน์ของเหลวรวม · รอบ 7: เบสชาเขียวไม่มีน้ำตาลแล้ว — ระดับ 0% จึงไม่มีน้ำตาลเพิ่มจริง (เดิมยังมีน้ำตาลจากเบส ~11 g) รสจะเปลี่ยนจากเดิม
A148: =IF($B148="","",$B148&"|"&$C148&"|"&$D148) -> Green Berry Soda|22 oz|25% | B148: Green Berry Soda | C148: 22 oz | D148: 25% | E148: 0 | F148: 137.5 | G148: 0 | H148: 0 | I148: 0 | J148: =ROUND(5.5+$AD$2*F148,1) -> 23.1 | K148: 0 | L148: 0 | M148: 0 | N148: 0 | O148: 38.5 | P148: 8 | Q148: 110 | R148: 0 | S148: 330 | T148: 0 | U148: 0 | V148: =E148+F148+G148+H148+I148+J148+K148+M148+N148+P148+Q148+T148+U148 -> 278.6 | W148: =ROUND(E148*ต้นทุนและราคา!$C$4+F148*ต้นทุนและราคา!$C$5+G148*ต้นทุนและราคา!$C$6+H148*ต้นทุนและราคา!$C$7+I148*ต้นทุนและราคา!$C$8+J148*ต้นทุนและราคา!$C$9+K148*ต้นทุนและราคา!$C$10+L148*ต้นทุนและราคา!$C$11+M148*ต้นทุนและราคา!$C$12+N148*ต้นทุนและราคา!$C$13+O148*ต้นทุนและราคา!$C$14+P148*ต้นทุนและราคา!$C$15+Q148*ต้นทุนและราคา!$C$16+R148*ต้นทุนและราคา!$C$17+S148*ต้นทุนและราคา!$C$18+T148*ต้นทุนและราคา!$C$19+U148*ต้นทุนและราคา!$C$20+IF($C148="16 oz",ต้นทุนและราคา!$C$21,IF($C148="20 oz",ต้นทุนและราคา!$C$22,ต้นทุนและราคา!$C$23)),2) -> 24.37 | X148: {=IFERROR(INDEX(ต้นทุนและราคา!$C$26:$E$101,MATCH($B148,ต้นทุนและราคา!$A$26:$A$101,0),IF($C148="16 oz",1,IF($C148="20 oz",2,3))),"")} -> 65 | Y148: =IFERROR(($X148-$W148)/$X148,"") -> 0.62507692 | Z148: เมนูใหม่ — ไม่มีนม เก็บได้ ถ่ายรูปติด และเปลี่ยนซอสตามฤดูได้ (พีช/เสาวรส/ลิ้นจี่) โดยไม่ต้องเรียนสูตรใหม่ · ซอส 28 g เพิ่มปริมาตรอีก ~25 ml ที่ไม่ได้นับในคอลัมน์ของเหลวรวม · รอบ 7: เบสชาเขียวไม่มีน้ำตาลแล้ว จึงเติมน้ำเชื่อม 1:1 ชดเชย = 0.128 × ปริมาณเบสชาเขียว
A149: =IF($B149="","",$B149&"|"&$C149&"|"&$D149) -> Green Berry Soda|22 oz|50% | B149: Green Berry Soda | C149: 22 oz | D149: 50% | E149: 0 | F149: 137.5 | G149: 0 | H149: 0 | I149: 0 | J149: =ROUND(11+$AD$2*F149,1) -> 28.6 | K149: 0 | L149: 0 | M149: 0 | N149: 0 | O149: 38.5 | P149: 8 | Q149: 110 | R149: 0 | S149: 330 | T149: 0 | U149: 0 | V149: =E149+F149+G149+H149+I149+J149+K149+M149+N149+P149+Q149+T149+U149 -> 284.1 | W149: =ROUND(E149*ต้นทุนและราคา!$C$4+F149*ต้นทุนและราคา!$C$5+G149*ต้นทุนและราคา!$C$6+H149*ต้นทุนและราคา!$C$7+I149*ต้นทุนและราคา!$C$8+J149*ต้นทุนและราคา!$C$9+K149*ต้นทุนและราคา!$C$10+L149*ต้นทุนและราคา!$C$11+M149*ต้นทุนและราคา!$C$12+N149*ต้นทุนและราคา!$C$13+O149*ต้นทุนและราคา!$C$14+P149*ต้นทุนและราคา!$C$15+Q149*ต้นทุนและราคา!$C$16+R149*ต้นทุนและราคา!$C$17+S149*ต้นทุนและราคา!$C$18+T149*ต้นทุนและราคา!$C$19+U149*ต้นทุนและราคา!$C$20+IF($C149="16 oz",ต้นทุนและราคา!$C$21,IF($C149="20 oz",ต้นทุนและราคา!$C$22,ต้นทุนและราคา!$C$23)),2) -> 24.46 | X149: {=IFERROR(INDEX(ต้นทุนและราคา!$C$26:$E$101,MATCH($B149,ต้นทุนและราคา!$A$26:$A$101,0),IF($C149="16 oz",1,IF($C149="20 oz",2,3))),"")} -> 65 | Y149: =IFERROR(($X149-$W149)/$X149,"") -> 0.62369231 | Z149: เมนูใหม่ — ไม่มีนม เก็บได้ ถ่ายรูปติด และเปลี่ยนซอสตามฤดูได้ (พีช/เสาวรส/ลิ้นจี่) โดยไม่ต้องเรียนสูตรใหม่ · ซอส 28 g เพิ่มปริมาตรอีก ~25 ml ที่ไม่ได้นับในคอลัมน์ของเหลวรวม · รอบ 7: เบสชาเขียวไม่มีน้ำตาลแล้ว จึงเติมน้ำเชื่อม 1:1 ชดเชย = 0.128 × ปริมาณเบสชาเขียว
A150: =IF($B150="","",$B150&"|"&$C150&"|"&$D150) -> Green Berry Soda|22 oz|75% | B150: Green Berry Soda | C150: 22 oz | D150: 75% | E150: 0 | F150: 137.5 | G150: 0 | H150: 0 | I150: 0 | J150: =ROUND(16.5+$AD$2*F150,1) -> 34.1 | K150: 0 | L150: 0 | M150: 0 | N150: 0 | O150: 38.5 | P150: 8 | Q150: 110 | R150: 0 | S150: 330 | T150: 0 | U150: 0 | V150: =E150+F150+G150+H150+I150+J150+K150+M150+N150+P150+Q150+T150+U150 -> 289.6 | W150: =ROUND(E150*ต้นทุนและราคา!$C$4+F150*ต้นทุนและราคา!$C$5+G150*ต้นทุนและราคา!$C$6+H150*ต้นทุนและราคา!$C$7+I150*ต้นทุนและราคา!$C$8+J150*ต้นทุนและราคา!$C$9+K150*ต้นทุนและราคา!$C$10+L150*ต้นทุนและราคา!$C$11+M150*ต้นทุนและราคา!$C$12+N150*ต้นทุนและราคา!$C$13+O150*ต้นทุนและราคา!$C$14+P150*ต้นทุนและราคา!$C$15+Q150*ต้นทุนและราคา!$C$16+R150*ต้นทุนและราคา!$C$17+S150*ต้นทุนและราคา!$C$18+T150*ต้นทุนและราคา!$C$19+U150*ต้นทุนและราคา!$C$20+IF($C150="16 oz",ต้นทุนและราคา!$C$21,IF($C150="20 oz",ต้นทุนและราคา!$C$22,ต้นทุนและราคา!$C$23)),2) -> 24.56 | X150: {=IFERROR(INDEX(ต้นทุนและราคา!$C$26:$E$101,MATCH($B150,ต้นทุนและราคา!$A$26:$A$101,0),IF($C150="16 oz",1,IF($C150="20 oz",2,3))),"")} -> 65 | Y150: =IFERROR(($X150-$W150)/$X150,"") -> 0.62215385 | Z150: เมนูใหม่ — ไม่มีนม เก็บได้ ถ่ายรูปติด และเปลี่ยนซอสตามฤดูได้ (พีช/เสาวรส/ลิ้นจี่) โดยไม่ต้องเรียนสูตรใหม่ · ซอส 28 g เพิ่มปริมาตรอีก ~25 ml ที่ไม่ได้นับในคอลัมน์ของเหลวรวม · รอบ 7: เบสชาเขียวไม่มีน้ำตาลแล้ว จึงเติมน้ำเชื่อม 1:1 ชดเชย = 0.128 × ปริมาณเบสชาเขียว
A151: =IF($B151="","",$B151&"|"&$C151&"|"&$D151) -> Green Berry Soda|22 oz|100% | B151: Green Berry Soda | C151: 22 oz | D151: 100% | E151: 0 | F151: 137.5 | G151: 0 | H151: 0 | I151: 0 | J151: =ROUND(22+$AD$2*F151,1) -> 39.6 | K151: 0 | L151: 0 | M151: 0 | N151: 0 | O151: 38.5 | P151: 8 | Q151: 110 | R151: 0 | S151: 330 | T151: 0 | U151: 0 | V151: =E151+F151+G151+H151+I151+J151+K151+M151+N151+P151+Q151+T151+U151 -> 295.1 | W151: =ROUND(E151*ต้นทุนและราคา!$C$4+F151*ต้นทุนและราคา!$C$5+G151*ต้นทุนและราคา!$C$6+H151*ต้นทุนและราคา!$C$7+I151*ต้นทุนและราคา!$C$8+J151*ต้นทุนและราคา!$C$9+K151*ต้นทุนและราคา!$C$10+L151*ต้นทุนและราคา!$C$11+M151*ต้นทุนและราคา!$C$12+N151*ต้นทุนและราคา!$C$13+O151*ต้นทุนและราคา!$C$14+P151*ต้นทุนและราคา!$C$15+Q151*ต้นทุนและราคา!$C$16+R151*ต้นทุนและราคา!$C$17+S151*ต้นทุนและราคา!$C$18+T151*ต้นทุนและราคา!$C$19+U151*ต้นทุนและราคา!$C$20+IF($C151="16 oz",ต้นทุนและราคา!$C$21,IF($C151="20 oz",ต้นทุนและราคา!$C$22,ต้นทุนและราคา!$C$23)),2) -> 24.65 | X151: {=IFERROR(INDEX(ต้นทุนและราคา!$C$26:$E$101,MATCH($B151,ต้นทุนและราคา!$A$26:$A$101,0),IF($C151="16 oz",1,IF($C151="20 oz",2,3))),"")} -> 65 | Y151: =IFERROR(($X151-$W151)/$X151,"") -> 0.62076923 | Z151: เมนูใหม่ — ไม่มีนม เก็บได้ ถ่ายรูปติด และเปลี่ยนซอสตามฤดูได้ (พีช/เสาวรส/ลิ้นจี่) โดยไม่ต้องเรียนสูตรใหม่ · ซอส 28 g เพิ่มปริมาตรอีก ~25 ml ที่ไม่ได้นับในคอลัมน์ของเหลวรวม · รอบ 7: เบสชาเขียวไม่มีน้ำตาลแล้ว จึงเติมน้ำเชื่อม 1:1 ชดเชย = 0.128 × ปริมาณเบสชาเขียว
A152: =IF($B152="","",$B152&"|"&$C152&"|"&$D152) -> Green Tea Frappe|16 oz|0% | B152: Green Tea Frappe | C152: 16 oz | D152: 0% | E152: 0 | F152: 90 | G152: 70 | H152: 20 | I152: 0 | J152: 0 | K152: 0 | L152: 0 | M152: 0 | N152: 0 | O152: 0 | P152: 0 | Q152: 0 | R152: 0 | S152: 200 | T152: 0 | U152: 0 | V152: =E152+F152+G152+H152+I152+J152+K152+M152+N152+P152+Q152+T152+U152 -> 180 | W152: =ROUND(E152*ต้นทุนและราคา!$C$4+F152*ต้นทุนและราคา!$C$5+G152*ต้นทุนและราคา!$C$6+H152*ต้นทุนและราคา!$C$7+I152*ต้นทุนและราคา!$C$8+J152*ต้นทุนและราคา!$C$9+K152*ต้นทุนและราคา!$C$10+L152*ต้นทุนและราคา!$C$11+M152*ต้นทุนและราคา!$C$12+N152*ต้นทุนและราคา!$C$13+O152*ต้นทุนและราคา!$C$14+P152*ต้นทุนและราคา!$C$15+Q152*ต้นทุนและราคา!$C$16+R152*ต้นทุนและราคา!$C$17+S152*ต้นทุนและราคา!$C$18+T152*ต้นทุนและราคา!$C$19+U152*ต้นทุนและราคา!$C$20+IF($C152="16 oz",ต้นทุนและราคา!$C$21,IF($C152="20 oz",ต้นทุนและราคา!$C$22,ต้นทุนและราคา!$C$23)),2) -> 13.83 | X152: {=IFERROR(INDEX(ต้นทุนและราคา!$C$26:$E$101,MATCH($B152,ต้นทุนและราคา!$A$26:$A$101,0),IF($C152="16 oz",1,IF($C152="20 oz",2,3))),"")} -> 65 | Y152: =IFERROR(($X152-$W152)/$X152,"") -> 0.78723077 | Z152: เมนูใหม่ — ใช้ขั้นตอนเดียวกับ Thai Tea Frappe ทุกประการ เพิ่มเมนูโดยไม่เพิ่มภาระการเทรน · รอบ 7: เบสชาเขียวไม่มีน้ำตาลแล้ว — ระดับ 0% จึงไม่มีน้ำตาลเพิ่มจริง (เดิมยังมีน้ำตาลจากเบส ~11 g) รสจะเปลี่ยนจากเดิม
A153: =IF($B153="","",$B153&"|"&$C153&"|"&$D153) -> Green Tea Frappe|16 oz|25% | B153: Green Tea Frappe | C153: 16 oz | D153: 25% | E153: 0 | F153: 90 | G153: =ROUND(70-$AD$2*F153,1) -> 58.5 | H153: 20 | I153: 8 | J153: =ROUND(0+$AD$2*F153,1) -> 11.5 | K153: 0 | L153: 0 | M153: 0 | N153: 0 | O153: 0 | P153: 0 | Q153: 0 | R153: 0 | S153: 200 | T153: 0 | U153: 0 | V153: =E153+F153+G153+H153+I153+J153+K153+M153+N153+P153+Q153+T153+U153 -> 188 | W153: =ROUND(E153*ต้นทุนและราคา!$C$4+F153*ต้นทุนและราคา!$C$5+G153*ต้นทุนและราคา!$C$6+H153*ต้นทุนและราคา!$C$7+I153*ต้นทุนและราคา!$C$8+J153*ต้นทุนและราคา!$C$9+K153*ต้นทุนและราคา!$C$10+L153*ต้นทุนและราคา!$C$11+M153*ต้นทุนและราคา!$C$12+N153*ต้นทุนและราคา!$C$13+O153*ต้นทุนและราคา!$C$14+P153*ต้นทุนและราคา!$C$15+Q153*ต้นทุนและราคา!$C$16+R153*ต้นทุนและราคา!$C$17+S153*ต้นทุนและราคา!$C$18+T153*ต้นทุนและราคา!$C$19+U153*ต้นทุนและราคา!$C$20+IF($C153="16 oz",ต้นทุนและราคา!$C$21,IF($C153="20 oz",ต้นทุนและราคา!$C$22,ต้นทุนและราคา!$C$23)),2) -> 14.03 | X153: {=IFERROR(INDEX(ต้นทุนและราคา!$C$26:$E$101,MATCH($B153,ต้นทุนและราคา!$A$26:$A$101,0),IF($C153="16 oz",1,IF($C153="20 oz",2,3))),"")} -> 65 | Y153: =IFERROR(($X153-$W153)/$X153,"") -> 0.78415385 | Z153: เมนูใหม่ — ใช้ขั้นตอนเดียวกับ Thai Tea Frappe ทุกประการ เพิ่มเมนูโดยไม่เพิ่มภาระการเทรน · รอบ 7: เบสชาเขียวไม่มีน้ำตาลแล้ว จึงเติมน้ำเชื่อม 1:1 ชดเชย = 0.128 × ปริมาณเบสชาเขียว และลด นมสด ลงเท่ากัน เพื่อคุมปริมาตรแก้วให้เท่าเดิม
A154: =IF($B154="","",$B154&"|"&$C154&"|"&$D154) -> Green Tea Frappe|16 oz|50% | B154: Green Tea Frappe | C154: 16 oz | D154: 50% | E154: 0 | F154: 90 | G154: =ROUND(70-$AD$2*F154,1) -> 58.5 | H154: 20 | I154: 16 | J154: =ROUND(0+$AD$2*F154,1) -> 11.5 | K154: 0 | L154: 0 | M154: 0 | N154: 0 | O154: 0 | P154: 0 | Q154: 0 | R154: 0 | S154: 200 | T154: 0 | U154: 0 | V154: =E154+F154+G154+H154+I154+J154+K154+M154+N154+P154+Q154+T154+U154 -> 196 | W154: =ROUND(E154*ต้นทุนและราคา!$C$4+F154*ต้นทุนและราคา!$C$5+G154*ต้นทุนและราคา!$C$6+H154*ต้นทุนและราคา!$C$7+I154*ต้นทุนและราคา!$C$8+J154*ต้นทุนและราคา!$C$9+K154*ต้นทุนและราคา!$C$10+L154*ต้นทุนและราคา!$C$11+M154*ต้นทุนและราคา!$C$12+N154*ต้นทุนและราคา!$C$13+O154*ต้นทุนและราคา!$C$14+P154*ต้นทุนและราคา!$C$15+Q154*ต้นทุนและราคา!$C$16+R154*ต้นทุนและราคา!$C$17+S154*ต้นทุนและราคา!$C$18+T154*ต้นทุนและราคา!$C$19+U154*ต้นทุนและราคา!$C$20+IF($C154="16 oz",ต้นทุนและราคา!$C$21,IF($C154="20 oz",ต้นทุนและราคา!$C$22,ต้นทุนและราคา!$C$23)),2) -> 14.58 | X154: {=IFERROR(INDEX(ต้นทุนและราคา!$C$26:$E$101,MATCH($B154,ต้นทุนและราคา!$A$26:$A$101,0),IF($C154="16 oz",1,IF($C154="20 oz",2,3))),"")} -> 65 | Y154: =IFERROR(($X154-$W154)/$X154,"") -> 0.77569231 | Z154: เมนูใหม่ — ใช้ขั้นตอนเดียวกับ Thai Tea Frappe ทุกประการ เพิ่มเมนูโดยไม่เพิ่มภาระการเทรน · รอบ 7: เบสชาเขียวไม่มีน้ำตาลแล้ว จึงเติมน้ำเชื่อม 1:1 ชดเชย = 0.128 × ปริมาณเบสชาเขียว และลด นมสด ลงเท่ากัน เพื่อคุมปริมาตรแก้วให้เท่าเดิม
A155: =IF($B155="","",$B155&"|"&$C155&"|"&$D155) -> Green Tea Frappe|16 oz|75% | B155: Green Tea Frappe | C155: 16 oz | D155: 75% | E155: 0 | F155: 90 | G155: =ROUND(70-$AD$2*F155,1) -> 58.5 | H155: 20 | I155: 24 | J155: =ROUND(0+$AD$2*F155,1) -> 11.5 | K155: 0 | L155: 0 | M155: 0 | N155: 0 | O155: 0 | P155: 0 | Q155: 0 | R155: 0 | S155: 200 | T155: 0 | U155: 0 | V155: =E155+F155+G155+H155+I155+J155+K155+M155+N155+P155+Q155+T155+U155 -> 204 | W155: =ROUND(E155*ต้นทุนและราคา!$C$4+F155*ต้นทุนและราคา!$C$5+G155*ต้นทุนและราคา!$C$6+H155*ต้นทุนและราคา!$C$7+I155*ต้นทุนและราคา!$C$8+J155*ต้นทุนและราคา!$C$9+K155*ต้นทุนและราคา!$C$10+L155*ต้นทุนและราคา!$C$11+M155*ต้นทุนและราคา!$C$12+N155*ต้นทุนและราคา!$C$13+O155*ต้นทุนและราคา!$C$14+P155*ต้นทุนและราคา!$C$15+Q155*ต้นทุนและราคา!$C$16+R155*ต้นทุนและราคา!$C$17+S155*ต้นทุนและราคา!$C$18+T155*ต้นทุนและราคา!$C$19+U155*ต้นทุนและราคา!$C$20+IF($C155="16 oz",ต้นทุนและราคา!$C$21,IF($C155="20 oz",ต้นทุนและราคา!$C$22,ต้นทุนและราคา!$C$23)),2) -> 15.14 | X155: {=IFERROR(INDEX(ต้นทุนและราคา!$C$26:$E$101,MATCH($B155,ต้นทุนและราคา!$A$26:$A$101,0),IF($C155="16 oz",1,IF($C155="20 oz",2,3))),"")} -> 65 | Y155: =IFERROR(($X155-$W155)/$X155,"") -> 0.76707692 | Z155: เมนูใหม่ — ใช้ขั้นตอนเดียวกับ Thai Tea Frappe ทุกประการ เพิ่มเมนูโดยไม่เพิ่มภาระการเทรน · รอบ 7: เบสชาเขียวไม่มีน้ำตาลแล้ว จึงเติมน้ำเชื่อม 1:1 ชดเชย = 0.128 × ปริมาณเบสชาเขียว และลด นมสด ลงเท่ากัน เพื่อคุมปริมาตรแก้วให้เท่าเดิม
A156: =IF($B156="","",$B156&"|"&$C156&"|"&$D156) -> Green Tea Frappe|16 oz|100% | B156: Green Tea Frappe | C156: 16 oz | D156: 100% | E156: 0 | F156: 90 | G156: =ROUND(70-$AD$2*F156,1) -> 58.5 | H156: 20 | I156: 32 | J156: =ROUND(0+$AD$2*F156,1) -> 11.5 | K156: 0 | L156: 0 | M156: 0 | N156: 0 | O156: 0 | P156: 0 | Q156: 0 | R156: 0 | S156: 200 | T156: 0 | U156: 0 | V156: =E156+F156+G156+H156+I156+J156+K156+M156+N156+P156+Q156+T156+U156 -> 212 | W156: =ROUND(E156*ต้นทุนและราคา!$C$4+F156*ต้นทุนและราคา!$C$5+G156*ต้นทุนและราคา!$C$6+H156*ต้นทุนและราคา!$C$7+I156*ต้นทุนและราคา!$C$8+J156*ต้นทุนและราคา!$C$9+K156*ต้นทุนและราคา!$C$10+L156*ต้นทุนและราคา!$C$11+M156*ต้นทุนและราคา!$C$12+N156*ต้นทุนและราคา!$C$13+O156*ต้นทุนและราคา!$C$14+P156*ต้นทุนและราคา!$C$15+Q156*ต้นทุนและราคา!$C$16+R156*ต้นทุนและราคา!$C$17+S156*ต้นทุนและราคา!$C$18+T156*ต้นทุนและราคา!$C$19+U156*ต้นทุนและราคา!$C$20+IF($C156="16 oz",ต้นทุนและราคา!$C$21,IF($C156="20 oz",ต้นทุนและราคา!$C$22,ต้นทุนและราคา!$C$23)),2) -> 15.69 | X156: {=IFERROR(INDEX(ต้นทุนและราคา!$C$26:$E$101,MATCH($B156,ต้นทุนและราคา!$A$26:$A$101,0),IF($C156="16 oz",1,IF($C156="20 oz",2,3))),"")} -> 65 | Y156: =IFERROR(($X156-$W156)/$X156,"") -> 0.75861538 | Z156: เมนูใหม่ — ใช้ขั้นตอนเดียวกับ Thai Tea Frappe ทุกประการ เพิ่มเมนูโดยไม่เพิ่มภาระการเทรน · รอบ 7: เบสชาเขียวไม่มีน้ำตาลแล้ว จึงเติมน้ำเชื่อม 1:1 ชดเชย = 0.128 × ปริมาณเบสชาเขียว และลด นมสด ลงเท่ากัน เพื่อคุมปริมาตรแก้วให้เท่าเดิม
A157: =IF($B157="","",$B157&"|"&$C157&"|"&$D157) -> Green Tea Frappe|22 oz|0% | B157: Green Tea Frappe | C157: 22 oz | D157: 0% | E157: 0 | F157: 124 | G157: 96 | H157: 27.5 | I157: 0 | J157: 0 | K157: 0 | L157: 0 | M157: 0 | N157: 0 | O157: 0 | P157: 0 | Q157: 0 | R157: 0 | S157: 270 | T157: 0 | U157: 0 | V157: =E157+F157+G157+H157+I157+J157+K157+M157+N157+P157+Q157+T157+U157 -> 247.5 | W157: =ROUND(E157*ต้นทุนและราคา!$C$4+F157*ต้นทุนและราคา!$C$5+G157*ต้นทุนและราคา!$C$6+H157*ต้นทุนและราคา!$C$7+I157*ต้นทุนและราคา!$C$8+J157*ต้นทุนและราคา!$C$9+K157*ต้นทุนและราคา!$C$10+L157*ต้นทุนและราคา!$C$11+M157*ต้นทุนและราคา!$C$12+N157*ต้นทุนและราคา!$C$13+O157*ต้นทุนและราคา!$C$14+P157*ต้นทุนและราคา!$C$15+Q157*ต้นทุนและราคา!$C$16+R157*ต้นทุนและราคา!$C$17+S157*ต้นทุนและราคา!$C$18+T157*ต้นทุนและราคา!$C$19+U157*ต้นทุนและราคา!$C$20+IF($C157="16 oz",ต้นทุนและราคา!$C$21,IF($C157="20 oz",ต้นทุนและราคา!$C$22,ต้นทุนและราคา!$C$23)),2) -> 18.24 | X157: {=IFERROR(INDEX(ต้นทุนและราคา!$C$26:$E$101,MATCH($B157,ต้นทุนและราคา!$A$26:$A$101,0),IF($C157="16 oz",1,IF($C157="20 oz",2,3))),"")} -> 75 | Y157: =IFERROR(($X157-$W157)/$X157,"") -> 0.7568 | Z157: เมนูใหม่ — ใช้ขั้นตอนเดียวกับ Thai Tea Frappe ทุกประการ เพิ่มเมนูโดยไม่เพิ่มภาระการเทรน · รอบ 7: เบสชาเขียวไม่มีน้ำตาลแล้ว — ระดับ 0% จึงไม่มีน้ำตาลเพิ่มจริง (เดิมยังมีน้ำตาลจากเบส ~11 g) รสจะเปลี่ยนจากเดิม
A158: =IF($B158="","",$B158&"|"&$C158&"|"&$D158) -> Green Tea Frappe|22 oz|25% | B158: Green Tea Frappe | C158: 22 oz | D158: 25% | E158: 0 | F158: 124 | G158: =ROUND(96-$AD$2*F158,1) -> 80.1 | H158: 27.5 | I158: 11 | J158: =ROUND(0+$AD$2*F158,1) -> 15.9 | K158: 0 | L158: 0 | M158: 0 | N158: 0 | O158: 0 | P158: 0 | Q158: 0 | R158: 0 | S158: 270 | T158: 0 | U158: 0 | V158: =E158+F158+G158+H158+I158+J158+K158+M158+N158+P158+Q158+T158+U158 -> 258.5 | W158: =ROUND(E158*ต้นทุนและราคา!$C$4+F158*ต้นทุนและราคา!$C$5+G158*ต้นทุนและราคา!$C$6+H158*ต้นทุนและราคา!$C$7+I158*ต้นทุนและราคา!$C$8+J158*ต้นทุนและราคา!$C$9+K158*ต้นทุนและราคา!$C$10+L158*ต้นทุนและราคา!$C$11+M158*ต้นทุนและราคา!$C$12+N158*ต้นทุนและราคา!$C$13+O158*ต้นทุนและราคา!$C$14+P158*ต้นทุนและราคา!$C$15+Q158*ต้นทุนและราคา!$C$16+R158*ต้นทุนและราคา!$C$17+S158*ต้นทุนและราคา!$C$18+T158*ต้นทุนและราคา!$C$19+U158*ต้นทุนและราคา!$C$20+IF($C158="16 oz",ต้นทุนและราคา!$C$21,IF($C158="20 oz",ต้นทุนและราคา!$C$22,ต้นทุนและราคา!$C$23)),2) -> 18.51 | X158: {=IFERROR(INDEX(ต้นทุนและราคา!$C$26:$E$101,MATCH($B158,ต้นทุนและราคา!$A$26:$A$101,0),IF($C158="16 oz",1,IF($C158="20 oz",2,3))),"")} -> 75 | Y158: =IFERROR(($X158-$W158)/$X158,"") -> 0.7532 | Z158: เมนูใหม่ — ใช้ขั้นตอนเดียวกับ Thai Tea Frappe ทุกประการ เพิ่มเมนูโดยไม่เพิ่มภาระการเทรน · รอบ 7: เบสชาเขียวไม่มีน้ำตาลแล้ว จึงเติมน้ำเชื่อม 1:1 ชดเชย = 0.128 × ปริมาณเบสชาเขียว และลด นมสด ลงเท่ากัน เพื่อคุมปริมาตรแก้วให้เท่าเดิม
A159: =IF($B159="","",$B159&"|"&$C159&"|"&$D159) -> Green Tea Frappe|22 oz|50% | B159: Green Tea Frappe | C159: 22 oz | D159: 50% | E159: 0 | F159: 124 | G159: =ROUND(96-$AD$2*F159,1) -> 80.1 | H159: 27.5 | I159: 22 | J159: =ROUND(0+$AD$2*F159,1) -> 15.9 | K159: 0 | L159: 0 | M159: 0 | N159: 0 | O159: 0 | P159: 0 | Q159: 0 | R159: 0 | S159: 270 | T159: 0 | U159: 0 | V159: =E159+F159+G159+H159+I159+J159+K159+M159+N159+P159+Q159+T159+U159 -> 269.5 | W159: =ROUND(E159*ต้นทุนและราคา!$C$4+F159*ต้นทุนและราคา!$C$5+G159*ต้นทุนและราคา!$C$6+H159*ต้นทุนและราคา!$C$7+I159*ต้นทุนและราคา!$C$8+J159*ต้นทุนและราคา!$C$9+K159*ต้นทุนและราคา!$C$10+L159*ต้นทุนและราคา!$C$11+M159*ต้นทุนและราคา!$C$12+N159*ต้นทุนและราคา!$C$13+O159*ต้นทุนและราคา!$C$14+P159*ต้นทุนและราคา!$C$15+Q159*ต้นทุนและราคา!$C$16+R159*ต้นทุนและราคา!$C$17+S159*ต้นทุนและราคา!$C$18+T159*ต้นทุนและราคา!$C$19+U159*ต้นทุนและราคา!$C$20+IF($C159="16 oz",ต้นทุนและราคา!$C$21,IF($C159="20 oz",ต้นทุนและราคา!$C$22,ต้นทุนและราคา!$C$23)),2) -> 19.27 | X159: {=IFERROR(INDEX(ต้นทุนและราคา!$C$26:$E$101,MATCH($B159,ต้นทุนและราคา!$A$26:$A$101,0),IF($C159="16 oz",1,IF($C159="20 oz",2,3))),"")} -> 75 | Y159: =IFERROR(($X159-$W159)/$X159,"") -> 0.74306667 | Z159: เมนูใหม่ — ใช้ขั้นตอนเดียวกับ Thai Tea Frappe ทุกประการ เพิ่มเมนูโดยไม่เพิ่มภาระการเทรน · รอบ 7: เบสชาเขียวไม่มีน้ำตาลแล้ว จึงเติมน้ำเชื่อม 1:1 ชดเชย = 0.128 × ปริมาณเบสชาเขียว และลด นมสด ลงเท่ากัน เพื่อคุมปริมาตรแก้วให้เท่าเดิม
A160: =IF($B160="","",$B160&"|"&$C160&"|"&$D160) -> Green Tea Frappe|22 oz|75% | B160: Green Tea Frappe | C160: 22 oz | D160: 75% | E160: 0 | F160: 124 | G160: =ROUND(96-$AD$2*F160,1) -> 80.1 | H160: 27.5 | I160: 33 | J160: =ROUND(0+$AD$2*F160,1) -> 15.9 | K160: 0 | L160: 0 | M160: 0 | N160: 0 | O160: 0 | P160: 0 | Q160: 0 | R160: 0 | S160: 270 | T160: 0 | U160: 0 | V160: =E160+F160+G160+H160+I160+J160+K160+M160+N160+P160+Q160+T160+U160 -> 280.5 | W160: =ROUND(E160*ต้นทุนและราคา!$C$4+F160*ต้นทุนและราคา!$C$5+G160*ต้นทุนและราคา!$C$6+H160*ต้นทุนและราคา!$C$7+I160*ต้นทุนและราคา!$C$8+J160*ต้นทุนและราคา!$C$9+K160*ต้นทุนและราคา!$C$10+L160*ต้นทุนและราคา!$C$11+M160*ต้นทุนและราคา!$C$12+N160*ต้นทุนและราคา!$C$13+O160*ต้นทุนและราคา!$C$14+P160*ต้นทุนและราคา!$C$15+Q160*ต้นทุนและราคา!$C$16+R160*ต้นทุนและราคา!$C$17+S160*ต้นทุนและราคา!$C$18+T160*ต้นทุนและราคา!$C$19+U160*ต้นทุนและราคา!$C$20+IF($C160="16 oz",ต้นทุนและราคา!$C$21,IF($C160="20 oz",ต้นทุนและราคา!$C$22,ต้นทุนและราคา!$C$23)),2) -> 20.03 | X160: {=IFERROR(INDEX(ต้นทุนและราคา!$C$26:$E$101,MATCH($B160,ต้นทุนและราคา!$A$26:$A$101,0),IF($C160="16 oz",1,IF($C160="20 oz",2,3))),"")} -> 75 | Y160: =IFERROR(($X160-$W160)/$X160,"") -> 0.73293333 | Z160: เมนูใหม่ — ใช้ขั้นตอนเดียวกับ Thai Tea Frappe ทุกประการ เพิ่มเมนูโดยไม่เพิ่มภาระการเทรน · รอบ 7: เบสชาเขียวไม่มีน้ำตาลแล้ว จึงเติมน้ำเชื่อม 1:1 ชดเชย = 0.128 × ปริมาณเบสชาเขียว และลด นมสด ลงเท่ากัน เพื่อคุมปริมาตรแก้วให้เท่าเดิม
A161: =IF($B161="","",$B161&"|"&$C161&"|"&$D161) -> Green Tea Frappe|22 oz|100% | B161: Green Tea Frappe | C161: 22 oz | D161: 100% | E161: 0 | F161: 124 | G161: =ROUND(96-$AD$2*F161,1) -> 80.1 | H161: 27.5 | I161: 44 | J161: =ROUND(0+$AD$2*F161,1) -> 15.9 | K161: 0 | L161: 0 | M161: 0 | N161: 0 | O161: 0 | P161: 0 | Q161: 0 | R161: 0 | S161: 270 | T161: 0 | U161: 0 | V161: =E161+F161+G161+H161+I161+J161+K161+M161+N161+P161+Q161+T161+U161 -> 291.5 | W161: =ROUND(E161*ต้นทุนและราคา!$C$4+F161*ต้นทุนและราคา!$C$5+G161*ต้นทุนและราคา!$C$6+H161*ต้นทุนและราคา!$C$7+I161*ต้นทุนและราคา!$C$8+J161*ต้นทุนและราคา!$C$9+K161*ต้นทุนและราคา!$C$10+L161*ต้นทุนและราคา!$C$11+M161*ต้นทุนและราคา!$C$12+N161*ต้นทุนและราคา!$C$13+O161*ต้นทุนและราคา!$C$14+P161*ต้นทุนและราคา!$C$15+Q161*ต้นทุนและราคา!$C$16+R161*ต้นทุนและราคา!$C$17+S161*ต้นทุนและราคา!$C$18+T161*ต้นทุนและราคา!$C$19+U161*ต้นทุนและราคา!$C$20+IF($C161="16 oz",ต้นทุนและราคา!$C$21,IF($C161="20 oz",ต้นทุนและราคา!$C$22,ต้นทุนและราคา!$C$23)),2) -> 20.79 | X161: {=IFERROR(INDEX(ต้นทุนและราคา!$C$26:$E$101,MATCH($B161,ต้นทุนและราคา!$A$26:$A$101,0),IF($C161="16 oz",1,IF($C161="20 oz",2,3))),"")} -> 75 | Y161: =IFERROR(($X161-$W161)/$X161,"") -> 0.7228 | Z161: เมนูใหม่ — ใช้ขั้นตอนเดียวกับ Thai Tea Frappe ทุกประการ เพิ่มเมนูโดยไม่เพิ่มภาระการเทรน · รอบ 7: เบสชาเขียวไม่มีน้ำตาลแล้ว จึงเติมน้ำเชื่อม 1:1 ชดเชย = 0.128 × ปริมาณเบสชาเขียว และลด นมสด ลงเท่ากัน เพื่อคุมปริมาตรแก้วให้เท่าเดิม
A162: =IF($B162="","",$B162&"|"&$C162&"|"&$D162) -> Green Latte|16 oz|0% | B162: Green Latte | C162: 16 oz | D162: 0% | E162: 0 | F162: 130 | G162: 50 | H162: 20 | I162: 0 | J162: 0 | K162: 0 | L162: 0 | M162: 0 | N162: 0 | O162: 0 | P162: 0 | Q162: 0 | R162: 0 | S162: 240 | T162: 0 | U162: 0 | V162: =E162+F162+G162+H162+I162+J162+K162+M162+N162+P162+Q162+T162+U162 -> 200 | W162: =ROUND(E162*ต้นทุนและราคา!$C$4+F162*ต้นทุนและราคา!$C$5+G162*ต้นทุนและราคา!$C$6+H162*ต้นทุนและราคา!$C$7+I162*ต้นทุนและราคา!$C$8+J162*ต้นทุนและราคา!$C$9+K162*ต้นทุนและราคา!$C$10+L162*ต้นทุนและราคา!$C$11+M162*ต้นทุนและราคา!$C$12+N162*ต้นทุนและราคา!$C$13+O162*ต้นทุนและราคา!$C$14+P162*ต้นทุนและราคา!$C$15+Q162*ต้นทุนและราคา!$C$16+R162*ต้นทุนและราคา!$C$17+S162*ต้นทุนและราคา!$C$18+T162*ต้นทุนและราคา!$C$19+U162*ต้นทุนและราคา!$C$20+IF($C162="16 oz",ต้นทุนและราคา!$C$21,IF($C162="20 oz",ต้นทุนและราคา!$C$22,ต้นทุนและราคา!$C$23)),2) -> 14.4 | X162: {=IFERROR(INDEX(ต้นทุนและราคา!$C$26:$E$101,MATCH($B162,ต้นทุนและราคา!$A$26:$A$101,0),IF($C162="16 oz",1,IF($C162="20 oz",2,3))),"")} -> 50 | Y162: =IFERROR(($X162-$W162)/$X162,"") -> 0.712 | Z162: เมนูใหม่ (ชาเขียว) — เรียบเรียงจากสูตรเว็บ/โซเชียล สเกลหวาน/ขนาดตามแพทเทิร์น Latte (ดูแหล่งที่มาใน comment B162) · รอบ 7: เบสชาเขียวไม่มีน้ำตาลแล้ว — ระดับ 0% จึงไม่มีน้ำตาลเพิ่มจริง (เดิมยังมีน้ำตาลจากเบส ~11 g) รสจะเปลี่ยนจากเดิม
A163: =IF($B163="","",$B163&"|"&$C163&"|"&$D163) -> Green Latte|16 oz|25% | B163: Green Latte | C163: 16 oz | D163: 25% | E163: 0 | F163: 130 | G163: =ROUND(47-$AD$2*F163,1) -> 30.4 | H163: 20 | I163: 0 | J163: =ROUND(7+$AD$2*F163,1) -> 23.6 | K163: 0 | L163: 0 | M163: 0 | N163: 0 | O163: 0 | P163: 0 | Q163: 0 | R163: 0 | S163: 240 | T163: 0 | U163: 0 | V163: =E163+F163+G163+H163+I163+J163+K163+M163+N163+P163+Q163+T163+U163 -> 204 | W163: =ROUND(E163*ต้นทุนและราคา!$C$4+F163*ต้นทุนและราคา!$C$5+G163*ต้นทุนและราคา!$C$6+H163*ต้นทุนและราคา!$C$7+I163*ต้นทุนและราคา!$C$8+J163*ต้นทุนและราคา!$C$9+K163*ต้นทุนและราคา!$C$10+L163*ต้นทุนและราคา!$C$11+M163*ต้นทุนและราคา!$C$12+N163*ต้นทุนและราคา!$C$13+O163*ต้นทุนและราคา!$C$14+P163*ต้นทุนและราคา!$C$15+Q163*ต้นทุนและราคา!$C$16+R163*ต้นทุนและราคา!$C$17+S163*ต้นทุนและราคา!$C$18+T163*ต้นทุนและราคา!$C$19+U163*ต้นทุนและราคา!$C$20+IF($C163="16 oz",ต้นทุนและราคา!$C$21,IF($C163="20 oz",ต้นทุนและราคา!$C$22,ต้นทุนและราคา!$C$23)),2) -> 13.86 | X163: {=IFERROR(INDEX(ต้นทุนและราคา!$C$26:$E$101,MATCH($B163,ต้นทุนและราคา!$A$26:$A$101,0),IF($C163="16 oz",1,IF($C163="20 oz",2,3))),"")} -> 50 | Y163: =IFERROR(($X163-$W163)/$X163,"") -> 0.7228 | Z163: เมนูใหม่ (ชาเขียว) — สเกลตามแพทเทิร์น Latte · รอบ 7: เบสชาเขียวไม่มีน้ำตาลแล้ว จึงเติมน้ำเชื่อม 1:1 ชดเชย = 0.128 × ปริมาณเบสชาเขียว และลด นมสด ลงเท่ากัน เพื่อคุมปริมาตรแก้วให้เท่าเดิม
A164: =IF($B164="","",$B164&"|"&$C164&"|"&$D164) -> Green Latte|16 oz|50% | B164: Green Latte | C164: 16 oz | D164: 50% | E164: 0 | F164: 130 | G164: =ROUND(44-$AD$2*F164,1) -> 27.4 | H164: 20 | I164: 0 | J164: =ROUND(14+$AD$2*F164,1) -> 30.6 | K164: 0 | L164: 0 | M164: 0 | N164: 0 | O164: 0 | P164: 0 | Q164: 0 | R164: 0 | S164: 240 | T164: 0 | U164: 0 | V164: =E164+F164+G164+H164+I164+J164+K164+M164+N164+P164+Q164+T164+U164 -> 208 | W164: =ROUND(E164*ต้นทุนและราคา!$C$4+F164*ต้นทุนและราคา!$C$5+G164*ต้นทุนและราคา!$C$6+H164*ต้นทุนและราคา!$C$7+I164*ต้นทุนและราคา!$C$8+J164*ต้นทุนและราคา!$C$9+K164*ต้นทุนและราคา!$C$10+L164*ต้นทุนและราคา!$C$11+M164*ต้นทุนและราคา!$C$12+N164*ต้นทุนและราคา!$C$13+O164*ต้นทุนและราคา!$C$14+P164*ต้นทุนและราคา!$C$15+Q164*ต้นทุนและราคา!$C$16+R164*ต้นทุนและราคา!$C$17+S164*ต้นทุนและราคา!$C$18+T164*ต้นทุนและราคา!$C$19+U164*ต้นทุนและราคา!$C$20+IF($C164="16 oz",ต้นทุนและราคา!$C$21,IF($C164="20 oz",ต้นทุนและราคา!$C$22,ต้นทุนและราคา!$C$23)),2) -> 13.83 | X164: {=IFERROR(INDEX(ต้นทุนและราคา!$C$26:$E$101,MATCH($B164,ต้นทุนและราคา!$A$26:$A$101,0),IF($C164="16 oz",1,IF($C164="20 oz",2,3))),"")} -> 50 | Y164: =IFERROR(($X164-$W164)/$X164,"") -> 0.7234 | Z164: เมนูใหม่ (ชาเขียว) — สเกลตามแพทเทิร์น Latte · รอบ 7: เบสชาเขียวไม่มีน้ำตาลแล้ว จึงเติมน้ำเชื่อม 1:1 ชดเชย = 0.128 × ปริมาณเบสชาเขียว และลด นมสด ลงเท่ากัน เพื่อคุมปริมาตรแก้วให้เท่าเดิม
A165: =IF($B165="","",$B165&"|"&$C165&"|"&$D165) -> Green Latte|16 oz|75% | B165: Green Latte | C165: 16 oz | D165: 75% | E165: 0 | F165: 130 | G165: =ROUND(41-$AD$2*F165,1) -> 24.4 | H165: 20 | I165: 0 | J165: =ROUND(21+$AD$2*F165,1) -> 37.6 | K165: 0 | L165: 0 | M165: 0 | N165: 0 | O165: 0 | P165: 0 | Q165: 0 | R165: 0 | S165: 240 | T165: 0 | U165: 0 | V165: =E165+F165+G165+H165+I165+J165+K165+M165+N165+P165+Q165+T165+U165 -> 212 | W165: =ROUND(E165*ต้นทุนและราคา!$C$4+F165*ต้นทุนและราคา!$C$5+G165*ต้นทุนและราคา!$C$6+H165*ต้นทุนและราคา!$C$7+I165*ต้นทุนและราคา!$C$8+J165*ต้นทุนและราคา!$C$9+K165*ต้นทุนและราคา!$C$10+L165*ต้นทุนและราคา!$C$11+M165*ต้นทุนและราคา!$C$12+N165*ต้นทุนและราคา!$C$13+O165*ต้นทุนและราคา!$C$14+P165*ต้นทุนและราคา!$C$15+Q165*ต้นทุนและราคา!$C$16+R165*ต้นทุนและราคา!$C$17+S165*ต้นทุนและราคา!$C$18+T165*ต้นทุนและราคา!$C$19+U165*ต้นทุนและราคา!$C$20+IF($C165="16 oz",ต้นทุนและราคา!$C$21,IF($C165="20 oz",ต้นทุนและราคา!$C$22,ต้นทุนและราคา!$C$23)),2) -> 13.81 | X165: {=IFERROR(INDEX(ต้นทุนและราคา!$C$26:$E$101,MATCH($B165,ต้นทุนและราคา!$A$26:$A$101,0),IF($C165="16 oz",1,IF($C165="20 oz",2,3))),"")} -> 50 | Y165: =IFERROR(($X165-$W165)/$X165,"") -> 0.7238 | Z165: เมนูใหม่ (ชาเขียว) — สเกลตามแพทเทิร์น Latte · รอบ 7: เบสชาเขียวไม่มีน้ำตาลแล้ว จึงเติมน้ำเชื่อม 1:1 ชดเชย = 0.128 × ปริมาณเบสชาเขียว และลด นมสด ลงเท่ากัน เพื่อคุมปริมาตรแก้วให้เท่าเดิม
A166: =IF($B166="","",$B166&"|"&$C166&"|"&$D166) -> Green Latte|16 oz|100% | B166: Green Latte | C166: 16 oz | D166: 100% | E166: 0 | F166: 130 | G166: =ROUND(38-$AD$2*F166,1) -> 21.4 | H166: 20 | I166: 0 | J166: =ROUND(28+$AD$2*F166,1) -> 44.6 | K166: 0 | L166: 0 | M166: 0 | N166: 0 | O166: 0 | P166: 0 | Q166: 0 | R166: 0 | S166: 240 | T166: 0 | U166: 0 | V166: =E166+F166+G166+H166+I166+J166+K166+M166+N166+P166+Q166+T166+U166 -> 216 | W166: =ROUND(E166*ต้นทุนและราคา!$C$4+F166*ต้นทุนและราคา!$C$5+G166*ต้นทุนและราคา!$C$6+H166*ต้นทุนและราคา!$C$7+I166*ต้นทุนและราคา!$C$8+J166*ต้นทุนและราคา!$C$9+K166*ต้นทุนและราคา!$C$10+L166*ต้นทุนและราคา!$C$11+M166*ต้นทุนและราคา!$C$12+N166*ต้นทุนและราคา!$C$13+O166*ต้นทุนและราคา!$C$14+P166*ต้นทุนและราคา!$C$15+Q166*ต้นทุนและราคา!$C$16+R166*ต้นทุนและราคา!$C$17+S166*ต้นทุนและราคา!$C$18+T166*ต้นทุนและราคา!$C$19+U166*ต้นทุนและราคา!$C$20+IF($C166="16 oz",ต้นทุนและราคา!$C$21,IF($C166="20 oz",ต้นทุนและราคา!$C$22,ต้นทุนและราคา!$C$23)),2) -> 13.78 | X166: {=IFERROR(INDEX(ต้นทุนและราคา!$C$26:$E$101,MATCH($B166,ต้นทุนและราคา!$A$26:$A$101,0),IF($C166="16 oz",1,IF($C166="20 oz",2,3))),"")} -> 50 | Y166: =IFERROR(($X166-$W166)/$X166,"") -> 0.7244 | Z166: เมนูใหม่ (ชาเขียว) — สเกลตามแพทเทิร์น Latte · รอบ 7: เบสชาเขียวไม่มีน้ำตาลแล้ว จึงเติมน้ำเชื่อม 1:1 ชดเชย = 0.128 × ปริมาณเบสชาเขียว และลด นมสด ลงเท่ากัน เพื่อคุมปริมาตรแก้วให้เท่าเดิม
A167: =IF($B167="","",$B167&"|"&$C167&"|"&$D167) -> Green Latte|22 oz|0% | B167: Green Latte | C167: 22 oz | D167: 0% | E167: 0 | F167: 179 | G167: 69 | H167: 27.5 | I167: 0 | J167: 0 | K167: 0 | L167: 0 | M167: 0 | N167: 0 | O167: 0 | P167: 0 | Q167: 0 | R167: 0 | S167: 330 | T167: 0 | U167: 0 | V167: =E167+F167+G167+H167+I167+J167+K167+M167+N167+P167+Q167+T167+U167 -> 275.5 | W167: =ROUND(E167*ต้นทุนและราคา!$C$4+F167*ต้นทุนและราคา!$C$5+G167*ต้นทุนและราคา!$C$6+H167*ต้นทุนและราคา!$C$7+I167*ต้นทุนและราคา!$C$8+J167*ต้นทุนและราคา!$C$9+K167*ต้นทุนและราคา!$C$10+L167*ต้นทุนและราคา!$C$11+M167*ต้นทุนและราคา!$C$12+N167*ต้นทุนและราคา!$C$13+O167*ต้นทุนและราคา!$C$14+P167*ต้นทุนและราคา!$C$15+Q167*ต้นทุนและราคา!$C$16+R167*ต้นทุนและราคา!$C$17+S167*ต้นทุนและราคา!$C$18+T167*ต้นทุนและราคา!$C$19+U167*ต้นทุนและราคา!$C$20+IF($C167="16 oz",ต้นทุนและราคา!$C$21,IF($C167="20 oz",ต้นทุนและราคา!$C$22,ต้นทุนและราคา!$C$23)),2) -> 19.12 | X167: {=IFERROR(INDEX(ต้นทุนและราคา!$C$26:$E$101,MATCH($B167,ต้นทุนและราคา!$A$26:$A$101,0),IF($C167="16 oz",1,IF($C167="20 oz",2,3))),"")} -> 60 | Y167: =IFERROR(($X167-$W167)/$X167,"") -> 0.68133333 | Z167: เมนูใหม่ (ชาเขียว) — สเกลตามแพทเทิร์น Latte · รอบ 7: เบสชาเขียวไม่มีน้ำตาลแล้ว — ระดับ 0% จึงไม่มีน้ำตาลเพิ่มจริง (เดิมยังมีน้ำตาลจากเบส ~11 g) รสจะเปลี่ยนจากเดิม
A168: =IF($B168="","",$B168&"|"&$C168&"|"&$D168) -> Green Latte|22 oz|25% | B168: Green Latte | C168: 22 oz | D168: 25% | E168: 0 | F168: 179 | G168: =ROUND(64.5-$AD$2*F168,1) -> 41.6 | H168: 27.5 | I168: 0 | J168: =ROUND(9.5+$AD$2*F168,1) -> 32.4 | K168: 0 | L168: 0 | M168: 0 | N168: 0 | O168: 0 | P168: 0 | Q168: 0 | R168: 0 | S168: 330 | T168: 0 | U168: 0 | V168: =E168+F168+G168+H168+I168+J168+K168+M168+N168+P168+Q168+T168+U168 -> 280.5 | W168: =ROUND(E168*ต้นทุนและราคา!$C$4+F168*ต้นทุนและราคา!$C$5+G168*ต้นทุนและราคา!$C$6+H168*ต้นทุนและราคา!$C$7+I168*ต้นทุนและราคา!$C$8+J168*ต้นทุนและราคา!$C$9+K168*ต้นทุนและราคา!$C$10+L168*ต้นทุนและราคา!$C$11+M168*ต้นทุนและราคา!$C$12+N168*ต้นทุนและราคา!$C$13+O168*ต้นทุนและราคา!$C$14+P168*ต้นทุนและราคา!$C$15+Q168*ต้นทุนและราคา!$C$16+R168*ต้นทุนและราคา!$C$17+S168*ต้นทุนและราคา!$C$18+T168*ต้นทุนและราคา!$C$19+U168*ต้นทุนและราคา!$C$20+IF($C168="16 oz",ต้นทุนและราคา!$C$21,IF($C168="20 oz",ต้นทุนและราคา!$C$22,ต้นทุนและราคา!$C$23)),2) -> 18.35 | X168: {=IFERROR(INDEX(ต้นทุนและราคา!$C$26:$E$101,MATCH($B168,ต้นทุนและราคา!$A$26:$A$101,0),IF($C168="16 oz",1,IF($C168="20 oz",2,3))),"")} -> 60 | Y168: =IFERROR(($X168-$W168)/$X168,"") -> 0.69416667 | Z168: เมนูใหม่ (ชาเขียว) — สเกลตามแพทเทิร์น Latte · รอบ 7: เบสชาเขียวไม่มีน้ำตาลแล้ว จึงเติมน้ำเชื่อม 1:1 ชดเชย = 0.128 × ปริมาณเบสชาเขียว และลด นมสด ลงเท่ากัน เพื่อคุมปริมาตรแก้วให้เท่าเดิม
A169: =IF($B169="","",$B169&"|"&$C169&"|"&$D169) -> Green Latte|22 oz|50% | B169: Green Latte | C169: 22 oz | D169: 50% | E169: 0 | F169: 179 | G169: =ROUND(60.5-$AD$2*F169,1) -> 37.6 | H169: 27.5 | I169: 0 | J169: =ROUND(19+$AD$2*F169,1) -> 41.9 | K169: 0 | L169: 0 | M169: 0 | N169: 0 | O169: 0 | P169: 0 | Q169: 0 | R169: 0 | S169: 330 | T169: 0 | U169: 0 | V169: =E169+F169+G169+H169+I169+J169+K169+M169+N169+P169+Q169+T169+U169 -> 286 | W169: =ROUND(E169*ต้นทุนและราคา!$C$4+F169*ต้นทุนและราคา!$C$5+G169*ต้นทุนและราคา!$C$6+H169*ต้นทุนและราคา!$C$7+I169*ต้นทุนและราคา!$C$8+J169*ต้นทุนและราคา!$C$9+K169*ต้นทุนและราคา!$C$10+L169*ต้นทุนและราคา!$C$11+M169*ต้นทุนและราคา!$C$12+N169*ต้นทุนและราคา!$C$13+O169*ต้นทุนและราคา!$C$14+P169*ต้นทุนและราคา!$C$15+Q169*ต้นทุนและราคา!$C$16+R169*ต้นทุนและราคา!$C$17+S169*ต้นทุนและราคา!$C$18+T169*ต้นทุนและราคา!$C$19+U169*ต้นทุนและราคา!$C$20+IF($C169="16 oz",ต้นทุนและราคา!$C$21,IF($C169="20 oz",ต้นทุนและราคา!$C$22,ต้นทุนและราคา!$C$23)),2) -> 18.32 | X169: {=IFERROR(INDEX(ต้นทุนและราคา!$C$26:$E$101,MATCH($B169,ต้นทุนและราคา!$A$26:$A$101,0),IF($C169="16 oz",1,IF($C169="20 oz",2,3))),"")} -> 60 | Y169: =IFERROR(($X169-$W169)/$X169,"") -> 0.69466667 | Z169: เมนูใหม่ (ชาเขียว) — สเกลตามแพทเทิร์น Latte · รอบ 7: เบสชาเขียวไม่มีน้ำตาลแล้ว จึงเติมน้ำเชื่อม 1:1 ชดเชย = 0.128 × ปริมาณเบสชาเขียว และลด นมสด ลงเท่ากัน เพื่อคุมปริมาตรแก้วให้เท่าเดิม
A170: =IF($B170="","",$B170&"|"&$C170&"|"&$D170) -> Green Latte|22 oz|75% | B170: Green Latte | C170: 22 oz | D170: 75% | E170: 0 | F170: 179 | G170: =ROUND(56.5-$AD$2*F170,1) -> 33.6 | H170: 27.5 | I170: 0 | J170: =ROUND(29+$AD$2*F170,1) -> 51.9 | K170: 0 | L170: 0 | M170: 0 | N170: 0 | O170: 0 | P170: 0 | Q170: 0 | R170: 0 | S170: 330 | T170: 0 | U170: 0 | V170: =E170+F170+G170+H170+I170+J170+K170+M170+N170+P170+Q170+T170+U170 -> 292 | W170: =ROUND(E170*ต้นทุนและราคา!$C$4+F170*ต้นทุนและราคา!$C$5+G170*ต้นทุนและราคา!$C$6+H170*ต้นทุนและราคา!$C$7+I170*ต้นทุนและราคา!$C$8+J170*ต้นทุนและราคา!$C$9+K170*ต้นทุนและราคา!$C$10+L170*ต้นทุนและราคา!$C$11+M170*ต้นทุนและราคา!$C$12+N170*ต้นทุนและราคา!$C$13+O170*ต้นทุนและราคา!$C$14+P170*ต้นทุนและราคา!$C$15+Q170*ต้นทุนและราคา!$C$16+R170*ต้นทุนและราคา!$C$17+S170*ต้นทุนและราคา!$C$18+T170*ต้นทุนและราคา!$C$19+U170*ต้นทุนและราคา!$C$20+IF($C170="16 oz",ต้นทุนและราคา!$C$21,IF($C170="20 oz",ต้นทุนและราคา!$C$22,ต้นทุนและราคา!$C$23)),2) -> 18.29 | X170: {=IFERROR(INDEX(ต้นทุนและราคา!$C$26:$E$101,MATCH($B170,ต้นทุนและราคา!$A$26:$A$101,0),IF($C170="16 oz",1,IF($C170="20 oz",2,3))),"")} -> 60 | Y170: =IFERROR(($X170-$W170)/$X170,"") -> 0.69516667 | Z170: เมนูใหม่ (ชาเขียว) — สเกลตามแพทเทิร์น Latte · รอบ 7: เบสชาเขียวไม่มีน้ำตาลแล้ว จึงเติมน้ำเชื่อม 1:1 ชดเชย = 0.128 × ปริมาณเบสชาเขียว และลด นมสด ลงเท่ากัน เพื่อคุมปริมาตรแก้วให้เท่าเดิม
A171: =IF($B171="","",$B171&"|"&$C171&"|"&$D171) -> Green Latte|22 oz|100% | B171: Green Latte | C171: 22 oz | D171: 100% | E171: 0 | F171: 179 | G171: =ROUND(52-$AD$2*F171,1) -> 29.1 | H171: 27.5 | I171: 0 | J171: =ROUND(38.5+$AD$2*F171,1) -> 61.4 | K171: 0 | L171: 0 | M171: 0 | N171: 0 | O171: 0 | P171: 0 | Q171: 0 | R171: 0 | S171: 330 | T171: 0 | U171: 0 | V171: =E171+F171+G171+H171+I171+J171+K171+M171+N171+P171+Q171+T171+U171 -> 297 | W171: =ROUND(E171*ต้นทุนและราคา!$C$4+F171*ต้นทุนและราคา!$C$5+G171*ต้นทุนและราคา!$C$6+H171*ต้นทุนและราคา!$C$7+I171*ต้นทุนและราคา!$C$8+J171*ต้นทุนและราคา!$C$9+K171*ต้นทุนและราคา!$C$10+L171*ต้นทุนและราคา!$C$11+M171*ต้นทุนและราคา!$C$12+N171*ต้นทุนและราคา!$C$13+O171*ต้นทุนและราคา!$C$14+P171*ต้นทุนและราคา!$C$15+Q171*ต้นทุนและราคา!$C$16+R171*ต้นทุนและราคา!$C$17+S171*ต้นทุนและราคา!$C$18+T171*ต้นทุนและราคา!$C$19+U171*ต้นทุนและราคา!$C$20+IF($C171="16 oz",ต้นทุนและราคา!$C$21,IF($C171="20 oz",ต้นทุนและราคา!$C$22,ต้นทุนและราคา!$C$23)),2) -> 18.24 | X171: {=IFERROR(INDEX(ต้นทุนและราคา!$C$26:$E$101,MATCH($B171,ต้นทุนและราคา!$A$26:$A$101,0),IF($C171="16 oz",1,IF($C171="20 oz",2,3))),"")} -> 60 | Y171: =IFERROR(($X171-$W171)/$X171,"") -> 0.696 | Z171: เมนูใหม่ (ชาเขียว) — สเกลตามแพทเทิร์น Latte · รอบ 7: เบสชาเขียวไม่มีน้ำตาลแล้ว จึงเติมน้ำเชื่อม 1:1 ชดเชย = 0.128 × ปริมาณเบสชาเขียว และลด นมสด ลงเท่ากัน เพื่อคุมปริมาตรแก้วให้เท่าเดิม
A172: =IF($B172="","",$B172&"|"&$C172&"|"&$D172) -> Green Lemon Tea|16 oz|0% | B172: Green Lemon Tea | C172: 16 oz | D172: 0% | E172: 0 | F172: 165 | G172: 0 | H172: 0 | I172: 0 | J172: 0 | K172: 0 | L172: 0 | M172: 0 | N172: 0 | O172: 0 | P172: 15 | Q172: 0 | R172: 0 | S172: 240 | T172: 0 | U172: 0 | V172: =E172+F172+G172+H172+I172+J172+K172+M172+N172+P172+Q172+T172+U172 -> 180 | W172: =ROUND(E172*ต้นทุนและราคา!$C$4+F172*ต้นทุนและราคา!$C$5+G172*ต้นทุนและราคา!$C$6+H172*ต้นทุนและราคา!$C$7+I172*ต้นทุนและราคา!$C$8+J172*ต้นทุนและราคา!$C$9+K172*ต้นทุนและราคา!$C$10+L172*ต้นทุนและราคา!$C$11+M172*ต้นทุนและราคา!$C$12+N172*ต้นทุนและราคา!$C$13+O172*ต้นทุนและราคา!$C$14+P172*ต้นทุนและราคา!$C$15+Q172*ต้นทุนและราคา!$C$16+R172*ต้นทุนและราคา!$C$17+S172*ต้นทุนและราคา!$C$18+T172*ต้นทุนและราคา!$C$19+U172*ต้นทุนและราคา!$C$20+IF($C172="16 oz",ต้นทุนและราคา!$C$21,IF($C172="20 oz",ต้นทุนและราคา!$C$22,ต้นทุนและราคา!$C$23)),2) -> 14.97 | X172: {=IFERROR(INDEX(ต้นทุนและราคา!$C$26:$E$101,MATCH($B172,ต้นทุนและราคา!$A$26:$A$101,0),IF($C172="16 oz",1,IF($C172="20 oz",2,3))),"")} -> 40 | Y172: =IFERROR(($X172-$W172)/$X172,"") -> 0.62575 | Z172: เมนูใหม่ (ชาเขียว) — เรียบเรียงจากสูตรเว็บ/โซเชียล สเกลตามแพทเทิร์น Lemon Tea (ดูแหล่งที่มาใน comment B172) · รอบ 7: เบสชาเขียวไม่มีน้ำตาลแล้ว — ระดับ 0% จึงไม่มีน้ำตาลเพิ่มจริง (เดิมยังมีน้ำตาลจากเบส ~11 g) รสจะเปลี่ยนจากเดิม
A173: =IF($B173="","",$B173&"|"&$C173&"|"&$D173) -> Green Lemon Tea|16 oz|25% | B173: Green Lemon Tea | C173: 16 oz | D173: 25% | E173: 0 | F173: =ROUND(165/(1+$AD$2),1) -> 146.3 | G173: 0 | H173: 0 | I173: 0 | J173: =ROUND(8+$AD$2*F173,1) -> 26.7 | K173: 0 | L173: 0 | M173: 0 | N173: 0 | O173: 0 | P173: 15 | Q173: 0 | R173: 0 | S173: 240 | T173: 0 | U173: 0 | V173: =E173+F173+G173+H173+I173+J173+K173+M173+N173+P173+Q173+T173+U173 -> 188 | W173: =ROUND(E173*ต้นทุนและราคา!$C$4+F173*ต้นทุนและราคา!$C$5+G173*ต้นทุนและราคา!$C$6+H173*ต้นทุนและราคา!$C$7+I173*ต้นทุนและราคา!$C$8+J173*ต้นทุนและราคา!$C$9+K173*ต้นทุนและราคา!$C$10+L173*ต้นทุนและราคา!$C$11+M173*ต้นทุนและราคา!$C$12+N173*ต้นทุนและราคา!$C$13+O173*ต้นทุนและราคา!$C$14+P173*ต้นทุนและราคา!$C$15+Q173*ต้นทุนและราคา!$C$16+R173*ต้นทุนและราคา!$C$17+S173*ต้นทุนและราคา!$C$18+T173*ต้นทุนและราคา!$C$19+U173*ต้นทุนและราคา!$C$20+IF($C173="16 oz",ต้นทุนและราคา!$C$21,IF($C173="20 oz",ต้นทุนและราคา!$C$22,ต้นทุนและราคา!$C$23)),2) -> 14.97 | X173: {=IFERROR(INDEX(ต้นทุนและราคา!$C$26:$E$101,MATCH($B173,ต้นทุนและราคา!$A$26:$A$101,0),IF($C173="16 oz",1,IF($C173="20 oz",2,3))),"")} -> 40 | Y173: =IFERROR(($X173-$W173)/$X173,"") -> 0.62575 | Z173: เมนูใหม่ (ชาเขียว) — สเกลตามแพทเทิร์น Lemon Tea · รอบ 7: เบสชาเขียวไม่มีน้ำตาลแล้ว จึงเติมน้ำเชื่อม 1:1 ชดเชย = 0.128 × ปริมาณเบสชาเขียว · ไม่มีนม/เบสอื่นเป็นตัวสลับ จึงลดชาเขียวเบสเอง F=เดิม÷1.128 ทำให้ เบส+น้ำเชื่อม = ปริมาตรเดิมเป๊ะ
A174: =IF($B174="","",$B174&"|"&$C174&"|"&$D174) -> Green Lemon Tea|16 oz|50% | B174: Green Lemon Tea | C174: 16 oz | D174: 50% | E174: 0 | F174: =ROUND(165/(1+$AD$2),1) -> 146.3 | G174: 0 | H174: 0 | I174: 0 | J174: =ROUND(16+$AD$2*F174,1) -> 34.7 | K174: 0 | L174: 0 | M174: 0 | N174: 0 | O174: 0 | P174: 15 | Q174: 0 | R174: 0 | S174: 240 | T174: 0 | U174: 0 | V174: =E174+F174+G174+H174+I174+J174+K174+M174+N174+P174+Q174+T174+U174 -> 196 | W174: =ROUND(E174*ต้นทุนและราคา!$C$4+F174*ต้นทุนและราคา!$C$5+G174*ต้นทุนและราคา!$C$6+H174*ต้นทุนและราคา!$C$7+I174*ต้นทุนและราคา!$C$8+J174*ต้นทุนและราคา!$C$9+K174*ต้นทุนและราคา!$C$10+L174*ต้นทุนและราคา!$C$11+M174*ต้นทุนและราคา!$C$12+N174*ต้นทุนและราคา!$C$13+O174*ต้นทุนและราคา!$C$14+P174*ต้นทุนและราคา!$C$15+Q174*ต้นทุนและราคา!$C$16+R174*ต้นทุนและราคา!$C$17+S174*ต้นทุนและราคา!$C$18+T174*ต้นทุนและราคา!$C$19+U174*ต้นทุนและราคา!$C$20+IF($C174="16 oz",ต้นทุนและราคา!$C$21,IF($C174="20 oz",ต้นทุนและราคา!$C$22,ต้นทุนและราคา!$C$23)),2) -> 15.1 | X174: {=IFERROR(INDEX(ต้นทุนและราคา!$C$26:$E$101,MATCH($B174,ต้นทุนและราคา!$A$26:$A$101,0),IF($C174="16 oz",1,IF($C174="20 oz",2,3))),"")} -> 40 | Y174: =IFERROR(($X174-$W174)/$X174,"") -> 0.6225 | Z174: เมนูใหม่ (ชาเขียว) — สเกลตามแพทเทิร์น Lemon Tea · รอบ 7: เบสชาเขียวไม่มีน้ำตาลแล้ว จึงเติมน้ำเชื่อม 1:1 ชดเชย = 0.128 × ปริมาณเบสชาเขียว · ไม่มีนม/เบสอื่นเป็นตัวสลับ จึงลดชาเขียวเบสเอง F=เดิม÷1.128 ทำให้ เบส+น้ำเชื่อม = ปริมาตรเดิมเป๊ะ
A175: =IF($B175="","",$B175&"|"&$C175&"|"&$D175) -> Green Lemon Tea|16 oz|75% | B175: Green Lemon Tea | C175: 16 oz | D175: 75% | E175: 0 | F175: =ROUND(165/(1+$AD$2),1) -> 146.3 | G175: 0 | H175: 0 | I175: 0 | J175: =ROUND(24+$AD$2*F175,1) -> 42.7 | K175: 0 | L175: 0 | M175: 0 | N175: 0 | O175: 0 | P175: 15 | Q175: 0 | R175: 0 | S175: 240 | T175: 0 | U175: 0 | V175: =E175+F175+G175+H175+I175+J175+K175+M175+N175+P175+Q175+T175+U175 -> 204 | W175: =ROUND(E175*ต้นทุนและราคา!$C$4+F175*ต้นทุนและราคา!$C$5+G175*ต้นทุนและราคา!$C$6+H175*ต้นทุนและราคา!$C$7+I175*ต้นทุนและราคา!$C$8+J175*ต้นทุนและราคา!$C$9+K175*ต้นทุนและราคา!$C$10+L175*ต้นทุนและราคา!$C$11+M175*ต้นทุนและราคา!$C$12+N175*ต้นทุนและราคา!$C$13+O175*ต้นทุนและราคา!$C$14+P175*ต้นทุนและราคา!$C$15+Q175*ต้นทุนและราคา!$C$16+R175*ต้นทุนและราคา!$C$17+S175*ต้นทุนและราคา!$C$18+T175*ต้นทุนและราคา!$C$19+U175*ต้นทุนและราคา!$C$20+IF($C175="16 oz",ต้นทุนและราคา!$C$21,IF($C175="20 oz",ต้นทุนและราคา!$C$22,ต้นทุนและราคา!$C$23)),2) -> 15.23 | X175: {=IFERROR(INDEX(ต้นทุนและราคา!$C$26:$E$101,MATCH($B175,ต้นทุนและราคา!$A$26:$A$101,0),IF($C175="16 oz",1,IF($C175="20 oz",2,3))),"")} -> 40 | Y175: =IFERROR(($X175-$W175)/$X175,"") -> 0.61925 | Z175: เมนูใหม่ (ชาเขียว) — สเกลตามแพทเทิร์น Lemon Tea · รอบ 7: เบสชาเขียวไม่มีน้ำตาลแล้ว จึงเติมน้ำเชื่อม 1:1 ชดเชย = 0.128 × ปริมาณเบสชาเขียว · ไม่มีนม/เบสอื่นเป็นตัวสลับ จึงลดชาเขียวเบสเอง F=เดิม÷1.128 ทำให้ เบส+น้ำเชื่อม = ปริมาตรเดิมเป๊ะ
A176: =IF($B176="","",$B176&"|"&$C176&"|"&$D176) -> Green Lemon Tea|16 oz|100% | B176: Green Lemon Tea | C176: 16 oz | D176: 100% | E176: 0 | F176: =ROUND(165/(1+$AD$2),1) -> 146.3 | G176: 0 | H176: 0 | I176: 0 | J176: =ROUND(32+$AD$2*F176,1) -> 50.7 | K176: 0 | L176: 0 | M176: 0 | N176: 0 | O176: 0 | P176: 15 | Q176: 0 | R176: 0 | S176: 240 | T176: 0 | U176: 0 | V176: =E176+F176+G176+H176+I176+J176+K176+M176+N176+P176+Q176+T176+U176 -> 212 | W176: =ROUND(E176*ต้นทุนและราคา!$C$4+F176*ต้นทุนและราคา!$C$5+G176*ต้นทุนและราคา!$C$6+H176*ต้นทุนและราคา!$C$7+I176*ต้นทุนและราคา!$C$8+J176*ต้นทุนและราคา!$C$9+K176*ต้นทุนและราคา!$C$10+L176*ต้นทุนและราคา!$C$11+M176*ต้นทุนและราคา!$C$12+N176*ต้นทุนและราคา!$C$13+O176*ต้นทุนและราคา!$C$14+P176*ต้นทุนและราคา!$C$15+Q176*ต้นทุนและราคา!$C$16+R176*ต้นทุนและราคา!$C$17+S176*ต้นทุนและราคา!$C$18+T176*ต้นทุนและราคา!$C$19+U176*ต้นทุนและราคา!$C$20+IF($C176="16 oz",ต้นทุนและราคา!$C$21,IF($C176="20 oz",ต้นทุนและราคา!$C$22,ต้นทุนและราคา!$C$23)),2) -> 15.37 | X176: {=IFERROR(INDEX(ต้นทุนและราคา!$C$26:$E$101,MATCH($B176,ต้นทุนและราคา!$A$26:$A$101,0),IF($C176="16 oz",1,IF($C176="20 oz",2,3))),"")} -> 40 | Y176: =IFERROR(($X176-$W176)/$X176,"") -> 0.61575 | Z176: เมนูใหม่ (ชาเขียว) — สเกลตามแพทเทิร์น Lemon Tea · รอบ 7: เบสชาเขียวไม่มีน้ำตาลแล้ว จึงเติมน้ำเชื่อม 1:1 ชดเชย = 0.128 × ปริมาณเบสชาเขียว · ไม่มีนม/เบสอื่นเป็นตัวสลับ จึงลดชาเขียวเบสเอง F=เดิม÷1.128 ทำให้ เบส+น้ำเชื่อม = ปริมาตรเดิมเป๊ะ
A177: =IF($B177="","",$B177&"|"&$C177&"|"&$D177) -> Green Lemon Tea|22 oz|0% | B177: Green Lemon Tea | C177: 22 oz | D177: 0% | E177: 0 | F177: 227 | G177: 0 | H177: 0 | I177: 0 | J177: 0 | K177: 0 | L177: 0 | M177: 0 | N177: 0 | O177: 0 | P177: 20.5 | Q177: 0 | R177: 0 | S177: 330 | T177: 0 | U177: 0 | V177: =E177+F177+G177+H177+I177+J177+K177+M177+N177+P177+Q177+T177+U177 -> 247.5 | W177: =ROUND(E177*ต้นทุนและราคา!$C$4+F177*ต้นทุนและราคา!$C$5+G177*ต้นทุนและราคา!$C$6+H177*ต้นทุนและราคา!$C$7+I177*ต้นทุนและราคา!$C$8+J177*ต้นทุนและราคา!$C$9+K177*ต้นทุนและราคา!$C$10+L177*ต้นทุนและราคา!$C$11+M177*ต้นทุนและราคา!$C$12+N177*ต้นทุนและราคา!$C$13+O177*ต้นทุนและราคา!$C$14+P177*ต้นทุนและราคา!$C$15+Q177*ต้นทุนและราคา!$C$16+R177*ต้นทุนและราคา!$C$17+S177*ต้นทุนและราคา!$C$18+T177*ต้นทุนและราคา!$C$19+U177*ต้นทุนและราคา!$C$20+IF($C177="16 oz",ต้นทุนและราคา!$C$21,IF($C177="20 oz",ต้นทุนและราคา!$C$22,ต้นทุนและราคา!$C$23)),2) -> 19.86 | X177: {=IFERROR(INDEX(ต้นทุนและราคา!$C$26:$E$101,MATCH($B177,ต้นทุนและราคา!$A$26:$A$101,0),IF($C177="16 oz",1,IF($C177="20 oz",2,3))),"")} -> 55 | Y177: =IFERROR(($X177-$W177)/$X177,"") -> 0.63890909 | Z177: เมนูใหม่ (ชาเขียว) — สเกลตามแพทเทิร์น Lemon Tea · รอบ 7: เบสชาเขียวไม่มีน้ำตาลแล้ว — ระดับ 0% จึงไม่มีน้ำตาลเพิ่มจริง (เดิมยังมีน้ำตาลจากเบส ~11 g) รสจะเปลี่ยนจากเดิม
A178: =IF($B178="","",$B178&"|"&$C178&"|"&$D178) -> Green Lemon Tea|22 oz|25% | B178: Green Lemon Tea | C178: 22 oz | D178: 25% | E178: 0 | F178: =ROUND(227/(1+$AD$2),1) -> 201.2 | G178: 0 | H178: 0 | I178: 0 | J178: =ROUND(11+$AD$2*F178,1) -> 36.8 | K178: 0 | L178: 0 | M178: 0 | N178: 0 | O178: 0 | P178: 20.5 | Q178: 0 | R178: 0 | S178: 330 | T178: 0 | U178: 0 | V178: =E178+F178+G178+H178+I178+J178+K178+M178+N178+P178+Q178+T178+U178 -> 258.5 | W178: =ROUND(E178*ต้นทุนและราคา!$C$4+F178*ต้นทุนและราคา!$C$5+G178*ต้นทุนและราคา!$C$6+H178*ต้นทุนและราคา!$C$7+I178*ต้นทุนและราคา!$C$8+J178*ต้นทุนและราคา!$C$9+K178*ต้นทุนและราคา!$C$10+L178*ต้นทุนและราคา!$C$11+M178*ต้นทุนและราคา!$C$12+N178*ต้นทุนและราคา!$C$13+O178*ต้นทุนและราคา!$C$14+P178*ต้นทุนและราคา!$C$15+Q178*ต้นทุนและราคา!$C$16+R178*ต้นทุนและราคา!$C$17+S178*ต้นทุนและราคา!$C$18+T178*ต้นทุนและราคา!$C$19+U178*ต้นทุนและราคา!$C$20+IF($C178="16 oz",ต้นทุนและราคา!$C$21,IF($C178="20 oz",ต้นทุนและราคา!$C$22,ต้นทุนและราคา!$C$23)),2) -> 19.85 | X178: {=IFERROR(INDEX(ต้นทุนและราคา!$C$26:$E$101,MATCH($B178,ต้นทุนและราคา!$A$26:$A$101,0),IF($C178="16 oz",1,IF($C178="20 oz",2,3))),"")} -> 55 | Y178: =IFERROR(($X178-$W178)/$X178,"") -> 0.63909091 | Z178: เมนูใหม่ (ชาเขียว) — สเกลตามแพทเทิร์น Lemon Tea · รอบ 7: เบสชาเขียวไม่มีน้ำตาลแล้ว จึงเติมน้ำเชื่อม 1:1 ชดเชย = 0.128 × ปริมาณเบสชาเขียว · ไม่มีนม/เบสอื่นเป็นตัวสลับ จึงลดชาเขียวเบสเอง F=เดิม÷1.128 ทำให้ เบส+น้ำเชื่อม = ปริมาตรเดิมเป๊ะ
A179: =IF($B179="","",$B179&"|"&$C179&"|"&$D179) -> Green Lemon Tea|22 oz|50% | B179: Green Lemon Tea | C179: 22 oz | D179: 50% | E179: 0 | F179: =ROUND(227/(1+$AD$2),1) -> 201.2 | G179: 0 | H179: 0 | I179: 0 | J179: =ROUND(22+$AD$2*F179,1) -> 47.8 | K179: 0 | L179: 0 | M179: 0 | N179: 0 | O179: 0 | P179: 20.5 | Q179: 0 | R179: 0 | S179: 330 | T179: 0 | U179: 0 | V179: =E179+F179+G179+H179+I179+J179+K179+M179+N179+P179+Q179+T179+U179 -> 269.5 | W179: =ROUND(E179*ต้นทุนและราคา!$C$4+F179*ต้นทุนและราคา!$C$5+G179*ต้นทุนและราคา!$C$6+H179*ต้นทุนและราคา!$C$7+I179*ต้นทุนและราคา!$C$8+J179*ต้นทุนและราคา!$C$9+K179*ต้นทุนและราคา!$C$10+L179*ต้นทุนและราคา!$C$11+M179*ต้นทุนและราคา!$C$12+N179*ต้นทุนและราคา!$C$13+O179*ต้นทุนและราคา!$C$14+P179*ต้นทุนและราคา!$C$15+Q179*ต้นทุนและราคา!$C$16+R179*ต้นทุนและราคา!$C$17+S179*ต้นทุนและราคา!$C$18+T179*ต้นทุนและราคา!$C$19+U179*ต้นทุนและราคา!$C$20+IF($C179="16 oz",ต้นทุนและราคา!$C$21,IF($C179="20 oz",ต้นทุนและราคา!$C$22,ต้นทุนและราคา!$C$23)),2) -> 20.04 | X179: {=IFERROR(INDEX(ต้นทุนและราคา!$C$26:$E$101,MATCH($B179,ต้นทุนและราคา!$A$26:$A$101,0),IF($C179="16 oz",1,IF($C179="20 oz",2,3))),"")} -> 55 | Y179: =IFERROR(($X179-$W179)/$X179,"") -> 0.63563636 | Z179: เมนูใหม่ (ชาเขียว) — สเกลตามแพทเทิร์น Lemon Tea · รอบ 7: เบสชาเขียวไม่มีน้ำตาลแล้ว จึงเติมน้ำเชื่อม 1:1 ชดเชย = 0.128 × ปริมาณเบสชาเขียว · ไม่มีนม/เบสอื่นเป็นตัวสลับ จึงลดชาเขียวเบสเอง F=เดิม÷1.128 ทำให้ เบส+น้ำเชื่อม = ปริมาตรเดิมเป๊ะ
A180: =IF($B180="","",$B180&"|"&$C180&"|"&$D180) -> Green Lemon Tea|22 oz|75% | B180: Green Lemon Tea | C180: 22 oz | D180: 75% | E180: 0 | F180: =ROUND(227/(1+$AD$2),1) -> 201.2 | G180: 0 | H180: 0 | I180: 0 | J180: =ROUND(33+$AD$2*F180,1) -> 58.8 | K180: 0 | L180: 0 | M180: 0 | N180: 0 | O180: 0 | P180: 20.5 | Q180: 0 | R180: 0 | S180: 330 | T180: 0 | U180: 0 | V180: =E180+F180+G180+H180+I180+J180+K180+M180+N180+P180+Q180+T180+U180 -> 280.5 | W180: =ROUND(E180*ต้นทุนและราคา!$C$4+F180*ต้นทุนและราคา!$C$5+G180*ต้นทุนและราคา!$C$6+H180*ต้นทุนและราคา!$C$7+I180*ต้นทุนและราคา!$C$8+J180*ต้นทุนและราคา!$C$9+K180*ต้นทุนและราคา!$C$10+L180*ต้นทุนและราคา!$C$11+M180*ต้นทุนและราคา!$C$12+N180*ต้นทุนและราคา!$C$13+O180*ต้นทุนและราคา!$C$14+P180*ต้นทุนและราคา!$C$15+Q180*ต้นทุนและราคา!$C$16+R180*ต้นทุนและราคา!$C$17+S180*ต้นทุนและราคา!$C$18+T180*ต้นทุนและราคา!$C$19+U180*ต้นทุนและราคา!$C$20+IF($C180="16 oz",ต้นทุนและราคา!$C$21,IF($C180="20 oz",ต้นทุนและราคา!$C$22,ต้นทุนและราคา!$C$23)),2) -> 20.22 | X180: {=IFERROR(INDEX(ต้นทุนและราคา!$C$26:$E$101,MATCH($B180,ต้นทุนและราคา!$A$26:$A$101,0),IF($C180="16 oz",1,IF($C180="20 oz",2,3))),"")} -> 55 | Y180: =IFERROR(($X180-$W180)/$X180,"") -> 0.63236364 | Z180: เมนูใหม่ (ชาเขียว) — สเกลตามแพทเทิร์น Lemon Tea · รอบ 7: เบสชาเขียวไม่มีน้ำตาลแล้ว จึงเติมน้ำเชื่อม 1:1 ชดเชย = 0.128 × ปริมาณเบสชาเขียว · ไม่มีนม/เบสอื่นเป็นตัวสลับ จึงลดชาเขียวเบสเอง F=เดิม÷1.128 ทำให้ เบส+น้ำเชื่อม = ปริมาตรเดิมเป๊ะ
A181: =IF($B181="","",$B181&"|"&$C181&"|"&$D181) -> Green Lemon Tea|22 oz|100% | B181: Green Lemon Tea | C181: 22 oz | D181: 100% | E181: 0 | F181: =ROUND(227/(1+$AD$2),1) -> 201.2 | G181: 0 | H181: 0 | I181: 0 | J181: =ROUND(44+$AD$2*F181,1) -> 69.8 | K181: 0 | L181: 0 | M181: 0 | N181: 0 | O181: 0 | P181: 20.5 | Q181: 0 | R181: 0 | S181: 330 | T181: 0 | U181: 0 | V181: =E181+F181+G181+H181+I181+J181+K181+M181+N181+P181+Q181+T181+U181 -> 291.5 | W181: =ROUND(E181*ต้นทุนและราคา!$C$4+F181*ต้นทุนและราคา!$C$5+G181*ต้นทุนและราคา!$C$6+H181*ต้นทุนและราคา!$C$7+I181*ต้นทุนและราคา!$C$8+J181*ต้นทุนและราคา!$C$9+K181*ต้นทุนและราคา!$C$10+L181*ต้นทุนและราคา!$C$11+M181*ต้นทุนและราคา!$C$12+N181*ต้นทุนและราคา!$C$13+O181*ต้นทุนและราคา!$C$14+P181*ต้นทุนและราคา!$C$15+Q181*ต้นทุนและราคา!$C$16+R181*ต้นทุนและราคา!$C$17+S181*ต้นทุนและราคา!$C$18+T181*ต้นทุนและราคา!$C$19+U181*ต้นทุนและราคา!$C$20+IF($C181="16 oz",ต้นทุนและราคา!$C$21,IF($C181="20 oz",ต้นทุนและราคา!$C$22,ต้นทุนและราคา!$C$23)),2) -> 20.4 | X181: {=IFERROR(INDEX(ต้นทุนและราคา!$C$26:$E$101,MATCH($B181,ต้นทุนและราคา!$A$26:$A$101,0),IF($C181="16 oz",1,IF($C181="20 oz",2,3))),"")} -> 55 | Y181: =IFERROR(($X181-$W181)/$X181,"") -> 0.62909091 | Z181: เมนูใหม่ (ชาเขียว) — สเกลตามแพทเทิร์น Lemon Tea · รอบ 7: เบสชาเขียวไม่มีน้ำตาลแล้ว จึงเติมน้ำเชื่อม 1:1 ชดเชย = 0.128 × ปริมาณเบสชาเขียว · ไม่มีนม/เบสอื่นเป็นตัวสลับ จึงลดชาเขียวเบสเอง F=เดิม÷1.128 ทำให้ เบส+น้ำเชื่อม = ปริมาตรเดิมเป๊ะ
A182: =IF($B182="","",$B182&"|"&$C182&"|"&$D182) -> Green Honey Lemon|16 oz|0% | B182: Green Honey Lemon | C182: 16 oz | D182: 0% | E182: 0 | F182: 165 | G182: 0 | H182: 0 | I182: 0 | J182: 0 | K182: 0 | L182: 0 | M182: 0 | N182: 0 | O182: 0 | P182: 15 | Q182: 0 | R182: 0 | S182: 240 | T182: 0 | U182: 0 | V182: =E182+F182+G182+H182+I182+J182+K182+M182+N182+P182+Q182+T182+U182 -> 180 | W182: =ROUND(E182*ต้นทุนและราคา!$C$4+F182*ต้นทุนและราคา!$C$5+G182*ต้นทุนและราคา!$C$6+H182*ต้นทุนและราคา!$C$7+I182*ต้นทุนและราคา!$C$8+J182*ต้นทุนและราคา!$C$9+K182*ต้นทุนและราคา!$C$10+L182*ต้นทุนและราคา!$C$11+M182*ต้นทุนและราคา!$C$12+N182*ต้นทุนและราคา!$C$13+O182*ต้นทุนและราคา!$C$14+P182*ต้นทุนและราคา!$C$15+Q182*ต้นทุนและราคา!$C$16+R182*ต้นทุนและราคา!$C$17+S182*ต้นทุนและราคา!$C$18+T182*ต้นทุนและราคา!$C$19+U182*ต้นทุนและราคา!$C$20+IF($C182="16 oz",ต้นทุนและราคา!$C$21,IF($C182="20 oz",ต้นทุนและราคา!$C$22,ต้นทุนและราคา!$C$23)),2) -> 14.97 | X182: {=IFERROR(INDEX(ต้นทุนและราคา!$C$26:$E$101,MATCH($B182,ต้นทุนและราคา!$A$26:$A$101,0),IF($C182="16 oz",1,IF($C182="20 oz",2,3))),"")} -> 50 | Y182: =IFERROR(($X182-$W182)/$X182,"") -> 0.7006 | Z182: เมนูใหม่ (ชาเขียว) — เรียบเรียงจากสูตรเว็บ/โซเชียล สเกลน้ำผึ้ง/น้ำเชื่อมตามแพทเทิร์น Honey Milk (ดูแหล่งที่มาใน comment B182) · รอบ 7: เบสชาเขียวไม่มีน้ำตาลแล้ว — ระดับ 0% จึงไม่มีน้ำตาลเพิ่มจริง (เดิมยังมีน้ำตาลจากเบส ~11 g) รสจะเปลี่ยนจากเดิม
A183: =IF($B183="","",$B183&"|"&$C183&"|"&$D183) -> Green Honey Lemon|16 oz|25% | B183: Green Honey Lemon | C183: 16 oz | D183: 25% | E183: 0 | F183: =ROUND(165/(1+$AD$2),1) -> 146.3 | G183: 0 | H183: 0 | I183: 0 | J183: =ROUND(3+$AD$2*F183,1) -> 21.7 | K183: 4 | L183: 0 | M183: 0 | N183: 0 | O183: 0 | P183: 15 | Q183: 0 | R183: 0 | S183: 240 | T183: 0 | U183: 0 | V183: =E183+F183+G183+H183+I183+J183+K183+M183+N183+P183+Q183+T183+U183 -> 187 | W183: =ROUND(E183*ต้นทุนและราคา!$C$4+F183*ต้นทุนและราคา!$C$5+G183*ต้นทุนและราคา!$C$6+H183*ต้นทุนและราคา!$C$7+I183*ต้นทุนและราคา!$C$8+J183*ต้นทุนและราคา!$C$9+K183*ต้นทุนและราคา!$C$10+L183*ต้นทุนและราคา!$C$11+M183*ต้นทุนและราคา!$C$12+N183*ต้นทุนและราคา!$C$13+O183*ต้นทุนและราคา!$C$14+P183*ต้นทุนและราคา!$C$15+Q183*ต้นทุนและราคา!$C$16+R183*ต้นทุนและราคา!$C$17+S183*ต้นทุนและราคา!$C$18+T183*ต้นทุนและราคา!$C$19+U183*ต้นทุนและราคา!$C$20+IF($C183="16 oz",ต้นทุนและราคา!$C$21,IF($C183="20 oz",ต้นทุนและราคา!$C$22,ต้นทุนและราคา!$C$23)),2) -> 15.82 | X183: {=IFERROR(INDEX(ต้นทุนและราคา!$C$26:$E$101,MATCH($B183,ต้นทุนและราคา!$A$26:$A$101,0),IF($C183="16 oz",1,IF($C183="20 oz",2,3))),"")} -> 50 | Y183: =IFERROR(($X183-$W183)/$X183,"") -> 0.6836 | Z183: เมนูใหม่ (ชาเขียว) — สเกลตามแพทเทิร์น Honey Milk · รอบ 7: เบสชาเขียวไม่มีน้ำตาลแล้ว จึงเติมน้ำเชื่อม 1:1 ชดเชย = 0.128 × ปริมาณเบสชาเขียว · ไม่มีนม/เบสอื่นเป็นตัวสลับ จึงลดชาเขียวเบสเอง F=เดิม÷1.128 ทำให้ เบส+น้ำเชื่อม = ปริมาตรเดิมเป๊ะ
A184: =IF($B184="","",$B184&"|"&$C184&"|"&$D184) -> Green Honey Lemon|16 oz|50% | B184: Green Honey Lemon | C184: 16 oz | D184: 50% | E184: 0 | F184: =ROUND(165/(1+$AD$2),1) -> 146.3 | G184: 0 | H184: 0 | I184: 0 | J184: =ROUND(6+$AD$2*F184,1) -> 24.7 | K184: 8 | L184: 0 | M184: 0 | N184: 0 | O184: 0 | P184: 15 | Q184: 0 | R184: 0 | S184: 240 | T184: 0 | U184: 0 | V184: =E184+F184+G184+H184+I184+J184+K184+M184+N184+P184+Q184+T184+U184 -> 194 | W184: =ROUND(E184*ต้นทุนและราคา!$C$4+F184*ต้นทุนและราคา!$C$5+G184*ต้นทุนและราคา!$C$6+H184*ต้นทุนและราคา!$C$7+I184*ต้นทุนและราคา!$C$8+J184*ต้นทุนและราคา!$C$9+K184*ต้นทุนและราคา!$C$10+L184*ต้นทุนและราคา!$C$11+M184*ต้นทุนและราคา!$C$12+N184*ต้นทุนและราคา!$C$13+O184*ต้นทุนและราคา!$C$14+P184*ต้นทุนและราคา!$C$15+Q184*ต้นทุนและราคา!$C$16+R184*ต้นทุนและราคา!$C$17+S184*ต้นทุนและราคา!$C$18+T184*ต้นทุนและราคา!$C$19+U184*ต้นทุนและราคา!$C$20+IF($C184="16 oz",ต้นทุนและราคา!$C$21,IF($C184="20 oz",ต้นทุนและราคา!$C$22,ต้นทุนและราคา!$C$23)),2) -> 16.8 | X184: {=IFERROR(INDEX(ต้นทุนและราคา!$C$26:$E$101,MATCH($B184,ต้นทุนและราคา!$A$26:$A$101,0),IF($C184="16 oz",1,IF($C184="20 oz",2,3))),"")} -> 50 | Y184: =IFERROR(($X184-$W184)/$X184,"") -> 0.664 | Z184: เมนูใหม่ (ชาเขียว) — สเกลตามแพทเทิร์น Honey Milk · รอบ 7: เบสชาเขียวไม่มีน้ำตาลแล้ว จึงเติมน้ำเชื่อม 1:1 ชดเชย = 0.128 × ปริมาณเบสชาเขียว · ไม่มีนม/เบสอื่นเป็นตัวสลับ จึงลดชาเขียวเบสเอง F=เดิม÷1.128 ทำให้ เบส+น้ำเชื่อม = ปริมาตรเดิมเป๊ะ
A185: =IF($B185="","",$B185&"|"&$C185&"|"&$D185) -> Green Honey Lemon|16 oz|75% | B185: Green Honey Lemon | C185: 16 oz | D185: 75% | E185: 0 | F185: =ROUND(165/(1+$AD$2),1) -> 146.3 | G185: 0 | H185: 0 | I185: 0 | J185: =ROUND(9+$AD$2*F185,1) -> 27.7 | K185: 12 | L185: 0 | M185: 0 | N185: 0 | O185: 0 | P185: 15 | Q185: 0 | R185: 0 | S185: 240 | T185: 0 | U185: 0 | V185: =E185+F185+G185+H185+I185+J185+K185+M185+N185+P185+Q185+T185+U185 -> 201 | W185: =ROUND(E185*ต้นทุนและราคา!$C$4+F185*ต้นทุนและราคา!$C$5+G185*ต้นทุนและราคา!$C$6+H185*ต้นทุนและราคา!$C$7+I185*ต้นทุนและราคา!$C$8+J185*ต้นทุนและราคา!$C$9+K185*ต้นทุนและราคา!$C$10+L185*ต้นทุนและราคา!$C$11+M185*ต้นทุนและราคา!$C$12+N185*ต้นทุนและราคา!$C$13+O185*ต้นทุนและราคา!$C$14+P185*ต้นทุนและราคา!$C$15+Q185*ต้นทุนและราคา!$C$16+R185*ต้นทุนและราคา!$C$17+S185*ต้นทุนและราคา!$C$18+T185*ต้นทุนและราคา!$C$19+U185*ต้นทุนและราคา!$C$20+IF($C185="16 oz",ต้นทุนและราคา!$C$21,IF($C185="20 oz",ต้นทุนและราคา!$C$22,ต้นทุนและราคา!$C$23)),2) -> 17.79 | X185: {=IFERROR(INDEX(ต้นทุนและราคา!$C$26:$E$101,MATCH($B185,ต้นทุนและราคา!$A$26:$A$101,0),IF($C185="16 oz",1,IF($C185="20 oz",2,3))),"")} -> 50 | Y185: =IFERROR(($X185-$W185)/$X185,"") -> 0.6442 | Z185: เมนูใหม่ (ชาเขียว) — สเกลตามแพทเทิร์น Honey Milk · รอบ 7: เบสชาเขียวไม่มีน้ำตาลแล้ว จึงเติมน้ำเชื่อม 1:1 ชดเชย = 0.128 × ปริมาณเบสชาเขียว · ไม่มีนม/เบสอื่นเป็นตัวสลับ จึงลดชาเขียวเบสเอง F=เดิม÷1.128 ทำให้ เบส+น้ำเชื่อม = ปริมาตรเดิมเป๊ะ
A186: =IF($B186="","",$B186&"|"&$C186&"|"&$D186) -> Green Honey Lemon|16 oz|100% | B186: Green Honey Lemon | C186: 16 oz | D186: 100% | E186: 0 | F186: =ROUND(165/(1+$AD$2),1) -> 146.3 | G186: 0 | H186: 0 | I186: 0 | J186: =ROUND(12+$AD$2*F186,1) -> 30.7 | K186: 16 | L186: 0 | M186: 0 | N186: 0 | O186: 0 | P186: 15 | Q186: 0 | R186: 0 | S186: 240 | T186: 0 | U186: 0 | V186: =E186+F186+G186+H186+I186+J186+K186+M186+N186+P186+Q186+T186+U186 -> 208 | W186: =ROUND(E186*ต้นทุนและราคา!$C$4+F186*ต้นทุนและราคา!$C$5+G186*ต้นทุนและราคา!$C$6+H186*ต้นทุนและราคา!$C$7+I186*ต้นทุนและราคา!$C$8+J186*ต้นทุนและราคา!$C$9+K186*ต้นทุนและราคา!$C$10+L186*ต้นทุนและราคา!$C$11+M186*ต้นทุนและราคา!$C$12+N186*ต้นทุนและราคา!$C$13+O186*ต้นทุนและราคา!$C$14+P186*ต้นทุนและราคา!$C$15+Q186*ต้นทุนและราคา!$C$16+R186*ต้นทุนและราคา!$C$17+S186*ต้นทุนและราคา!$C$18+T186*ต้นทุนและราคา!$C$19+U186*ต้นทุนและราคา!$C$20+IF($C186="16 oz",ต้นทุนและราคา!$C$21,IF($C186="20 oz",ต้นทุนและราคา!$C$22,ต้นทุนและราคา!$C$23)),2) -> 18.77 | X186: {=IFERROR(INDEX(ต้นทุนและราคา!$C$26:$E$101,MATCH($B186,ต้นทุนและราคา!$A$26:$A$101,0),IF($C186="16 oz",1,IF($C186="20 oz",2,3))),"")} -> 50 | Y186: =IFERROR(($X186-$W186)/$X186,"") -> 0.6246 | Z186: เมนูใหม่ (ชาเขียว) — สเกลตามแพทเทิร์น Honey Milk · รอบ 7: เบสชาเขียวไม่มีน้ำตาลแล้ว จึงเติมน้ำเชื่อม 1:1 ชดเชย = 0.128 × ปริมาณเบสชาเขียว · ไม่มีนม/เบสอื่นเป็นตัวสลับ จึงลดชาเขียวเบสเอง F=เดิม÷1.128 ทำให้ เบส+น้ำเชื่อม = ปริมาตรเดิมเป๊ะ
A187: =IF($B187="","",$B187&"|"&$C187&"|"&$D187) -> Green Honey Lemon|22 oz|0% | B187: Green Honey Lemon | C187: 22 oz | D187: 0% | E187: 0 | F187: 227 | G187: 0 | H187: 0 | I187: 0 | J187: 0 | K187: 0 | L187: 0 | M187: 0 | N187: 0 | O187: 0 | P187: 20.5 | Q187: 0 | R187: 0 | S187: 330 | T187: 0 | U187: 0 | V187: =E187+F187+G187+H187+I187+J187+K187+M187+N187+P187+Q187+T187+U187 -> 247.5 | W187: =ROUND(E187*ต้นทุนและราคา!$C$4+F187*ต้นทุนและราคา!$C$5+G187*ต้นทุนและราคา!$C$6+H187*ต้นทุนและราคา!$C$7+I187*ต้นทุนและราคา!$C$8+J187*ต้นทุนและราคา!$C$9+K187*ต้นทุนและราคา!$C$10+L187*ต้นทุนและราคา!$C$11+M187*ต้นทุนและราคา!$C$12+N187*ต้นทุนและราคา!$C$13+O187*ต้นทุนและราคา!$C$14+P187*ต้นทุนและราคา!$C$15+Q187*ต้นทุนและราคา!$C$16+R187*ต้นทุนและราคา!$C$17+S187*ต้นทุนและราคา!$C$18+T187*ต้นทุนและราคา!$C$19+U187*ต้นทุนและราคา!$C$20+IF($C187="16 oz",ต้นทุนและราคา!$C$21,IF($C187="20 oz",ต้นทุนและราคา!$C$22,ต้นทุนและราคา!$C$23)),2) -> 19.86 | X187: {=IFERROR(INDEX(ต้นทุนและราคา!$C$26:$E$101,MATCH($B187,ต้นทุนและราคา!$A$26:$A$101,0),IF($C187="16 oz",1,IF($C187="20 oz",2,3))),"")} -> 65 | Y187: =IFERROR(($X187-$W187)/$X187,"") -> 0.69446154 | Z187: เมนูใหม่ (ชาเขียว) — สเกลตามแพทเทิร์น Honey Milk · รอบ 7: เบสชาเขียวไม่มีน้ำตาลแล้ว — ระดับ 0% จึงไม่มีน้ำตาลเพิ่มจริง (เดิมยังมีน้ำตาลจากเบส ~11 g) รสจะเปลี่ยนจากเดิม
A188: =IF($B188="","",$B188&"|"&$C188&"|"&$D188) -> Green Honey Lemon|22 oz|25% | B188: Green Honey Lemon | C188: 22 oz | D188: 25% | E188: 0 | F188: =ROUND(227/(1+$AD$2),1) -> 201.2 | G188: 0 | H188: 0 | I188: 0 | J188: =ROUND(4+$AD$2*F188,1) -> 29.8 | K188: 5.5 | L188: 0 | M188: 0 | N188: 0 | O188: 0 | P188: 20.5 | Q188: 0 | R188: 0 | S188: 330 | T188: 0 | U188: 0 | V188: =E188+F188+G188+H188+I188+J188+K188+M188+N188+P188+Q188+T188+U188 -> 257 | W188: =ROUND(E188*ต้นทุนและราคา!$C$4+F188*ต้นทุนและราคา!$C$5+G188*ต้นทุนและราคา!$C$6+H188*ต้นทุนและราคา!$C$7+I188*ต้นทุนและราคา!$C$8+J188*ต้นทุนและราคา!$C$9+K188*ต้นทุนและราคา!$C$10+L188*ต้นทุนและราคา!$C$11+M188*ต้นทุนและราคา!$C$12+N188*ต้นทุนและราคา!$C$13+O188*ต้นทุนและราคา!$C$14+P188*ต้นทุนและราคา!$C$15+Q188*ต้นทุนและราคา!$C$16+R188*ต้นทุนและราคา!$C$17+S188*ต้นทุนและราคา!$C$18+T188*ต้นทุนและราคา!$C$19+U188*ต้นทุนและราคา!$C$20+IF($C188="16 oz",ต้นทุนและราคา!$C$21,IF($C188="20 oz",ต้นทุนและราคา!$C$22,ต้นทุนและราคา!$C$23)),2) -> 21.02 | X188: {=IFERROR(INDEX(ต้นทุนและราคา!$C$26:$E$101,MATCH($B188,ต้นทุนและราคา!$A$26:$A$101,0),IF($C188="16 oz",1,IF($C188="20 oz",2,3))),"")} -> 65 | Y188: =IFERROR(($X188-$W188)/$X188,"") -> 0.67661538 | Z188: เมนูใหม่ (ชาเขียว) — สเกลตามแพทเทิร์น Honey Milk · รอบ 7: เบสชาเขียวไม่มีน้ำตาลแล้ว จึงเติมน้ำเชื่อม 1:1 ชดเชย = 0.128 × ปริมาณเบสชาเขียว · ไม่มีนม/เบสอื่นเป็นตัวสลับ จึงลดชาเขียวเบสเอง F=เดิม÷1.128 ทำให้ เบส+น้ำเชื่อม = ปริมาตรเดิมเป๊ะ
A189: =IF($B189="","",$B189&"|"&$C189&"|"&$D189) -> Green Honey Lemon|22 oz|50% | B189: Green Honey Lemon | C189: 22 oz | D189: 50% | E189: 0 | F189: =ROUND(227/(1+$AD$2),1) -> 201.2 | G189: 0 | H189: 0 | I189: 0 | J189: =ROUND(8+$AD$2*F189,1) -> 33.8 | K189: 11 | L189: 0 | M189: 0 | N189: 0 | O189: 0 | P189: 20.5 | Q189: 0 | R189: 0 | S189: 330 | T189: 0 | U189: 0 | V189: =E189+F189+G189+H189+I189+J189+K189+M189+N189+P189+Q189+T189+U189 -> 266.5 | W189: =ROUND(E189*ต้นทุนและราคา!$C$4+F189*ต้นทุนและราคา!$C$5+G189*ต้นทุนและราคา!$C$6+H189*ต้นทุนและราคา!$C$7+I189*ต้นทุนและราคา!$C$8+J189*ต้นทุนและราคา!$C$9+K189*ต้นทุนและราคา!$C$10+L189*ต้นทุนและราคา!$C$11+M189*ต้นทุนและราคา!$C$12+N189*ต้นทุนและราคา!$C$13+O189*ต้นทุนและราคา!$C$14+P189*ต้นทุนและราคา!$C$15+Q189*ต้นทุนและราคา!$C$16+R189*ต้นทุนและราคา!$C$17+S189*ต้นทุนและราคา!$C$18+T189*ต้นทุนและราคา!$C$19+U189*ต้นทุนและราคา!$C$20+IF($C189="16 oz",ต้นทุนและราคา!$C$21,IF($C189="20 oz",ต้นทุนและราคา!$C$22,ต้นทุนและราคา!$C$23)),2) -> 22.37 | X189: {=IFERROR(INDEX(ต้นทุนและราคา!$C$26:$E$101,MATCH($B189,ต้นทุนและราคา!$A$26:$A$101,0),IF($C189="16 oz",1,IF($C189="20 oz",2,3))),"")} -> 65 | Y189: =IFERROR(($X189-$W189)/$X189,"") -> 0.65584615 | Z189: เมนูใหม่ (ชาเขียว) — สเกลตามแพทเทิร์น Honey Milk · รอบ 7: เบสชาเขียวไม่มีน้ำตาลแล้ว จึงเติมน้ำเชื่อม 1:1 ชดเชย = 0.128 × ปริมาณเบสชาเขียว · ไม่มีนม/เบสอื่นเป็นตัวสลับ จึงลดชาเขียวเบสเอง F=เดิม÷1.128 ทำให้ เบส+น้ำเชื่อม = ปริมาตรเดิมเป๊ะ
A190: =IF($B190="","",$B190&"|"&$C190&"|"&$D190) -> Green Honey Lemon|22 oz|75% | B190: Green Honey Lemon | C190: 22 oz | D190: 75% | E190: 0 | F190: =ROUND(227/(1+$AD$2),1) -> 201.2 | G190: 0 | H190: 0 | I190: 0 | J190: =ROUND(12.5+$AD$2*F190,1) -> 38.3 | K190: 16.5 | L190: 0 | M190: 0 | N190: 0 | O190: 0 | P190: 20.5 | Q190: 0 | R190: 0 | S190: 330 | T190: 0 | U190: 0 | V190: =E190+F190+G190+H190+I190+J190+K190+M190+N190+P190+Q190+T190+U190 -> 276.5 | W190: =ROUND(E190*ต้นทุนและราคา!$C$4+F190*ต้นทุนและราคา!$C$5+G190*ต้นทุนและราคา!$C$6+H190*ต้นทุนและราคา!$C$7+I190*ต้นทุนและราคา!$C$8+J190*ต้นทุนและราคา!$C$9+K190*ต้นทุนและราคา!$C$10+L190*ต้นทุนและราคา!$C$11+M190*ต้นทุนและราคา!$C$12+N190*ต้นทุนและราคา!$C$13+O190*ต้นทุนและราคา!$C$14+P190*ต้นทุนและราคา!$C$15+Q190*ต้นทุนและราคา!$C$16+R190*ต้นทุนและราคา!$C$17+S190*ต้นทุนและราคา!$C$18+T190*ต้นทุนและราคา!$C$19+U190*ต้นทุนและราคา!$C$20+IF($C190="16 oz",ต้นทุนและราคา!$C$21,IF($C190="20 oz",ต้นทุนและราคา!$C$22,ต้นทุนและราคา!$C$23)),2) -> 23.73 | X190: {=IFERROR(INDEX(ต้นทุนและราคา!$C$26:$E$101,MATCH($B190,ต้นทุนและราคา!$A$26:$A$101,0),IF($C190="16 oz",1,IF($C190="20 oz",2,3))),"")} -> 65 | Y190: =IFERROR(($X190-$W190)/$X190,"") -> 0.63492308 | Z190: เมนูใหม่ (ชาเขียว) — สเกลตามแพทเทิร์น Honey Milk · รอบ 7: เบสชาเขียวไม่มีน้ำตาลแล้ว จึงเติมน้ำเชื่อม 1:1 ชดเชย = 0.128 × ปริมาณเบสชาเขียว · ไม่มีนม/เบสอื่นเป็นตัวสลับ จึงลดชาเขียวเบสเอง F=เดิม÷1.128 ทำให้ เบส+น้ำเชื่อม = ปริมาตรเดิมเป๊ะ
A191: =IF($B191="","",$B191&"|"&$C191&"|"&$D191) -> Green Honey Lemon|22 oz|100% | B191: Green Honey Lemon | C191: 22 oz | D191: 100% | E191: 0 | F191: =ROUND(227/(1+$AD$2),1) -> 201.2 | G191: 0 | H191: 0 | I191: 0 | J191: =ROUND(16.5+$AD$2*F191,1) -> 42.3 | K191: 22 | L191: 0 | M191: 0 | N191: 0 | O191: 0 | P191: 20.5 | Q191: 0 | R191: 0 | S191: 330 | T191: 0 | U191: 0 | V191: =E191+F191+G191+H191+I191+J191+K191+M191+N191+P191+Q191+T191+U191 -> 286 | W191: =ROUND(E191*ต้นทุนและราคา!$C$4+F191*ต้นทุนและราคา!$C$5+G191*ต้นทุนและราคา!$C$6+H191*ต้นทุนและราคา!$C$7+I191*ต้นทุนและราคา!$C$8+J191*ต้นทุนและราคา!$C$9+K191*ต้นทุนและราคา!$C$10+L191*ต้นทุนและราคา!$C$11+M191*ต้นทุนและราคา!$C$12+N191*ต้นทุนและราคา!$C$13+O191*ต้นทุนและราคา!$C$14+P191*ต้นทุนและราคา!$C$15+Q191*ต้นทุนและราคา!$C$16+R191*ต้นทุนและราคา!$C$17+S191*ต้นทุนและราคา!$C$18+T191*ต้นทุนและราคา!$C$19+U191*ต้นทุนและราคา!$C$20+IF($C191="16 oz",ต้นทุนและราคา!$C$21,IF($C191="20 oz",ต้นทุนและราคา!$C$22,ต้นทุนและราคา!$C$23)),2) -> 25.08 | X191: {=IFERROR(INDEX(ต้นทุนและราคา!$C$26:$E$101,MATCH($B191,ต้นทุนและราคา!$A$26:$A$101,0),IF($C191="16 oz",1,IF($C191="20 oz",2,3))),"")} -> 65 | Y191: =IFERROR(($X191-$W191)/$X191,"") -> 0.61415385 | Z191: เมนูใหม่ (ชาเขียว) — สเกลตามแพทเทิร์น Honey Milk · รอบ 7: เบสชาเขียวไม่มีน้ำตาลแล้ว จึงเติมน้ำเชื่อม 1:1 ชดเชย = 0.128 × ปริมาณเบสชาเขียว · ไม่มีนม/เบสอื่นเป็นตัวสลับ จึงลดชาเขียวเบสเอง F=เดิม÷1.128 ทำให้ เบส+น้ำเชื่อม = ปริมาตรเดิมเป๊ะ
A192: =IF($B192="","",$B192&"|"&$C192&"|"&$D192) -> Green Cream Cheese|16 oz|0% | B192: Green Cream Cheese | C192: 16 oz | D192: 0% | E192: 0 | F192: 120 | G192: 0 | H192: 30 | I192: 0 | J192: 0 | K192: 0 | L192: 0 | M192: 0 | N192: 0 | O192: 0 | P192: 0 | Q192: 0 | R192: 60 | S192: 200 | T192: 0 | U192: 0 | V192: =E192+F192+G192+H192+I192+J192+K192+M192+N192+P192+Q192+T192+U192 -> 150 | W192: =ROUND(E192*ต้นทุนและราคา!$C$4+F192*ต้นทุนและราคา!$C$5+G192*ต้นทุนและราคา!$C$6+H192*ต้นทุนและราคา!$C$7+I192*ต้นทุนและราคา!$C$8+J192*ต้นทุนและราคา!$C$9+K192*ต้นทุนและราคา!$C$10+L192*ต้นทุนและราคา!$C$11+M192*ต้นทุนและราคา!$C$12+N192*ต้นทุนและราคา!$C$13+O192*ต้นทุนและราคา!$C$14+P192*ต้นทุนและราคา!$C$15+Q192*ต้นทุนและราคา!$C$16+R192*ต้นทุนและราคา!$C$17+S192*ต้นทุนและราคา!$C$18+T192*ต้นทุนและราคา!$C$19+U192*ต้นทุนและราคา!$C$20+IF($C192="16 oz",ต้นทุนและราคา!$C$21,IF($C192="20 oz",ต้นทุนและราคา!$C$22,ต้นทุนและราคา!$C$23)),2) -> 21.45 | X192: {=IFERROR(INDEX(ต้นทุนและราคา!$C$26:$E$101,MATCH($B192,ต้นทุนและราคา!$A$26:$A$101,0),IF($C192="16 oz",1,IF($C192="20 oz",2,3))),"")} -> 65 | Y192: =IFERROR(($X192-$W192)/$X192,"") -> 0.67 | Z192: เมนูใหม่ (ชาเขียว) — เรียบเรียงจากสูตรเว็บ/โซเชียล โครงเดียวกับ Cream Cheese ของชาไทย โฟมชีสไม่นับเป็นของเหลว (ดูแหล่งที่มาใน comment B192) · รอบ 7: เบสชาเขียวไม่มีน้ำตาลแล้ว — ระดับ 0% จึงไม่มีน้ำตาลเพิ่มจริง (เดิมยังมีน้ำตาลจากเบส ~11 g) รสจะเปลี่ยนจากเดิม
A193: =IF($B193="","",$B193&"|"&$C193&"|"&$D193) -> Green Cream Cheese|16 oz|25% | B193: Green Cream Cheese | C193: 16 oz | D193: 25% | E193: 0 | F193: 120 | G193: 0 | H193: 30 | I193: 7 | J193: =ROUND(0+$AD$2*F193,1) -> 15.4 | K193: 0 | L193: 0 | M193: 0 | N193: 0 | O193: 0 | P193: 0 | Q193: 0 | R193: 60 | S193: 200 | T193: 0 | U193: 0 | V193: =E193+F193+G193+H193+I193+J193+K193+M193+N193+P193+Q193+T193+U193 -> 172.4 | W193: =ROUND(E193*ต้นทุนและราคา!$C$4+F193*ต้นทุนและราคา!$C$5+G193*ต้นทุนและราคา!$C$6+H193*ต้นทุนและราคา!$C$7+I193*ต้นทุนและราคา!$C$8+J193*ต้นทุนและราคา!$C$9+K193*ต้นทุนและราคา!$C$10+L193*ต้นทุนและราคา!$C$11+M193*ต้นทุนและราคา!$C$12+N193*ต้นทุนและราคา!$C$13+O193*ต้นทุนและราคา!$C$14+P193*ต้นทุนและราคา!$C$15+Q193*ต้นทุนและราคา!$C$16+R193*ต้นทุนและราคา!$C$17+S193*ต้นทุนและราคา!$C$18+T193*ต้นทุนและราคา!$C$19+U193*ต้นทุนและราคา!$C$20+IF($C193="16 oz",ต้นทุนและราคา!$C$21,IF($C193="20 oz",ต้นทุนและราคา!$C$22,ต้นทุนและราคา!$C$23)),2) -> 22.19 | X193: {=IFERROR(INDEX(ต้นทุนและราคา!$C$26:$E$101,MATCH($B193,ต้นทุนและราคา!$A$26:$A$101,0),IF($C193="16 oz",1,IF($C193="20 oz",2,3))),"")} -> 65 | Y193: =IFERROR(($X193-$W193)/$X193,"") -> 0.65861538 | Z193: เมนูใหม่ (ชาเขียว) — สเกลตามแพทเทิร์น Cream Cheese · รอบ 7: เบสชาเขียวไม่มีน้ำตาลแล้ว จึงเติมน้ำเชื่อม 1:1 ชดเชย = 0.128 × ปริมาณเบสชาเขียว
A194: =IF($B194="","",$B194&"|"&$C194&"|"&$D194) -> Green Cream Cheese|16 oz|50% | B194: Green Cream Cheese | C194: 16 oz | D194: 50% | E194: 0 | F194: 120 | G194: 0 | H194: 30 | I194: 14 | J194: =ROUND(0+$AD$2*F194,1) -> 15.4 | K194: 0 | L194: 0 | M194: 0 | N194: 0 | O194: 0 | P194: 0 | Q194: 0 | R194: 60 | S194: 200 | T194: 0 | U194: 0 | V194: =E194+F194+G194+H194+I194+J194+K194+M194+N194+P194+Q194+T194+U194 -> 179.4 | W194: =ROUND(E194*ต้นทุนและราคา!$C$4+F194*ต้นทุนและราคา!$C$5+G194*ต้นทุนและราคา!$C$6+H194*ต้นทุนและราคา!$C$7+I194*ต้นทุนและราคา!$C$8+J194*ต้นทุนและราคา!$C$9+K194*ต้นทุนและราคา!$C$10+L194*ต้นทุนและราคา!$C$11+M194*ต้นทุนและราคา!$C$12+N194*ต้นทุนและราคา!$C$13+O194*ต้นทุนและราคา!$C$14+P194*ต้นทุนและราคา!$C$15+Q194*ต้นทุนและราคา!$C$16+R194*ต้นทุนและราคา!$C$17+S194*ต้นทุนและราคา!$C$18+T194*ต้นทุนและราคา!$C$19+U194*ต้นทุนและราคา!$C$20+IF($C194="16 oz",ต้นทุนและราคา!$C$21,IF($C194="20 oz",ต้นทุนและราคา!$C$22,ต้นทุนและราคา!$C$23)),2) -> 22.67 | X194: {=IFERROR(INDEX(ต้นทุนและราคา!$C$26:$E$101,MATCH($B194,ต้นทุนและราคา!$A$26:$A$101,0),IF($C194="16 oz",1,IF($C194="20 oz",2,3))),"")} -> 65 | Y194: =IFERROR(($X194-$W194)/$X194,"") -> 0.65123077 | Z194: เมนูใหม่ (ชาเขียว) — สเกลตามแพทเทิร์น Cream Cheese · รอบ 7: เบสชาเขียวไม่มีน้ำตาลแล้ว จึงเติมน้ำเชื่อม 1:1 ชดเชย = 0.128 × ปริมาณเบสชาเขียว
A195: =IF($B195="","",$B195&"|"&$C195&"|"&$D195) -> Green Cream Cheese|16 oz|75% | B195: Green Cream Cheese | C195: 16 oz | D195: 75% | E195: 0 | F195: 120 | G195: 0 | H195: 30 | I195: 21 | J195: =ROUND(0+$AD$2*F195,1) -> 15.4 | K195: 0 | L195: 0 | M195: 0 | N195: 0 | O195: 0 | P195: 0 | Q195: 0 | R195: 60 | S195: 200 | T195: 0 | U195: 0 | V195: =E195+F195+G195+H195+I195+J195+K195+M195+N195+P195+Q195+T195+U195 -> 186.4 | W195: =ROUND(E195*ต้นทุนและราคา!$C$4+F195*ต้นทุนและราคา!$C$5+G195*ต้นทุนและราคา!$C$6+H195*ต้นทุนและราคา!$C$7+I195*ต้นทุนและราคา!$C$8+J195*ต้นทุนและราคา!$C$9+K195*ต้นทุนและราคา!$C$10+L195*ต้นทุนและราคา!$C$11+M195*ต้นทุนและราคา!$C$12+N195*ต้นทุนและราคา!$C$13+O195*ต้นทุนและราคา!$C$14+P195*ต้นทุนและราคา!$C$15+Q195*ต้นทุนและราคา!$C$16+R195*ต้นทุนและราคา!$C$17+S195*ต้นทุนและราคา!$C$18+T195*ต้นทุนและราคา!$C$19+U195*ต้นทุนและราคา!$C$20+IF($C195="16 oz",ต้นทุนและราคา!$C$21,IF($C195="20 oz",ต้นทุนและราคา!$C$22,ต้นทุนและราคา!$C$23)),2) -> 23.16 | X195: {=IFERROR(INDEX(ต้นทุนและราคา!$C$26:$E$101,MATCH($B195,ต้นทุนและราคา!$A$26:$A$101,0),IF($C195="16 oz",1,IF($C195="20 oz",2,3))),"")} -> 65 | Y195: =IFERROR(($X195-$W195)/$X195,"") -> 0.64369231 | Z195: เมนูใหม่ (ชาเขียว) — สเกลตามแพทเทิร์น Cream Cheese · รอบ 7: เบสชาเขียวไม่มีน้ำตาลแล้ว จึงเติมน้ำเชื่อม 1:1 ชดเชย = 0.128 × ปริมาณเบสชาเขียว
A196: =IF($B196="","",$B196&"|"&$C196&"|"&$D196) -> Green Cream Cheese|16 oz|100% | B196: Green Cream Cheese | C196: 16 oz | D196: 100% | E196: 0 | F196: 120 | G196: 0 | H196: 30 | I196: 28 | J196: =ROUND(0+$AD$2*F196,1) -> 15.4 | K196: 0 | L196: 0 | M196: 0 | N196: 0 | O196: 0 | P196: 0 | Q196: 0 | R196: 60 | S196: 200 | T196: 0 | U196: 0 | V196: =E196+F196+G196+H196+I196+J196+K196+M196+N196+P196+Q196+T196+U196 -> 193.4 | W196: =ROUND(E196*ต้นทุนและราคา!$C$4+F196*ต้นทุนและราคา!$C$5+G196*ต้นทุนและราคา!$C$6+H196*ต้นทุนและราคา!$C$7+I196*ต้นทุนและราคา!$C$8+J196*ต้นทุนและราคา!$C$9+K196*ต้นทุนและราคา!$C$10+L196*ต้นทุนและราคา!$C$11+M196*ต้นทุนและราคา!$C$12+N196*ต้นทุนและราคา!$C$13+O196*ต้นทุนและราคา!$C$14+P196*ต้นทุนและราคา!$C$15+Q196*ต้นทุนและราคา!$C$16+R196*ต้นทุนและราคา!$C$17+S196*ต้นทุนและราคา!$C$18+T196*ต้นทุนและราคา!$C$19+U196*ต้นทุนและราคา!$C$20+IF($C196="16 oz",ต้นทุนและราคา!$C$21,IF($C196="20 oz",ต้นทุนและราคา!$C$22,ต้นทุนและราคา!$C$23)),2) -> 23.64 | X196: {=IFERROR(INDEX(ต้นทุนและราคา!$C$26:$E$101,MATCH($B196,ต้นทุนและราคา!$A$26:$A$101,0),IF($C196="16 oz",1,IF($C196="20 oz",2,3))),"")} -> 65 | Y196: =IFERROR(($X196-$W196)/$X196,"") -> 0.63630769 | Z196: เมนูใหม่ (ชาเขียว) — สเกลตามแพทเทิร์น Cream Cheese · รอบ 7: เบสชาเขียวไม่มีน้ำตาลแล้ว จึงเติมน้ำเชื่อม 1:1 ชดเชย = 0.128 × ปริมาณเบสชาเขียว
A197: =IF($B197="","",$B197&"|"&$C197&"|"&$D197) -> Green Cream Cheese|22 oz|0% | B197: Green Cream Cheese | C197: 22 oz | D197: 0% | E197: 0 | F197: 165 | G197: 0 | H197: 41 | I197: 0 | J197: 0 | K197: 0 | L197: 0 | M197: 0 | N197: 0 | O197: 0 | P197: 0 | Q197: 0 | R197: 82.5 | S197: 270 | T197: 0 | U197: 0 | V197: =E197+F197+G197+H197+I197+J197+K197+M197+N197+P197+Q197+T197+U197 -> 206 | W197: =ROUND(E197*ต้นทุนและราคา!$C$4+F197*ต้นทุนและราคา!$C$5+G197*ต้นทุนและราคา!$C$6+H197*ต้นทุนและราคา!$C$7+I197*ต้นทุนและราคา!$C$8+J197*ต้นทุนและราคา!$C$9+K197*ต้นทุนและราคา!$C$10+L197*ต้นทุนและราคา!$C$11+M197*ต้นทุนและราคา!$C$12+N197*ต้นทุนและราคา!$C$13+O197*ต้นทุนและราคา!$C$14+P197*ต้นทุนและราคา!$C$15+Q197*ต้นทุนและราคา!$C$16+R197*ต้นทุนและราคา!$C$17+S197*ต้นทุนและราคา!$C$18+T197*ต้นทุนและราคา!$C$19+U197*ต้นทุนและราคา!$C$20+IF($C197="16 oz",ต้นทุนและราคา!$C$21,IF($C197="20 oz",ต้นทุนและราคา!$C$22,ต้นทุนและราคา!$C$23)),2) -> 28.7 | X197: {=IFERROR(INDEX(ต้นทุนและราคา!$C$26:$E$101,MATCH($B197,ต้นทุนและราคา!$A$26:$A$101,0),IF($C197="16 oz",1,IF($C197="20 oz",2,3))),"")} -> 85 | Y197: =IFERROR(($X197-$W197)/$X197,"") -> 0.66235294 | Z197: เมนูใหม่ (ชาเขียว) — สเกลตามแพทเทิร์น Cream Cheese · รอบ 7: เบสชาเขียวไม่มีน้ำตาลแล้ว — ระดับ 0% จึงไม่มีน้ำตาลเพิ่มจริง (เดิมยังมีน้ำตาลจากเบส ~11 g) รสจะเปลี่ยนจากเดิม
...

Sheet ต้นทุนและราคา
A1: ต้นทุนวัตถุดิบ และ ราคาขาย
A2: ต้นทุน/หน่วย (คอลัมน์ C) ลิงก์อัตโนมัติจากชีต 'ต้นทุนเบส' ซึ่งคำนวณจากราคาซื้อจริงใน 'บันทึกซื้อ' — ไม่ต้องพิมพ์เอง · ราคาขาย (ตารางล่าง) ยังแก้ได้ที่ช่องครีม
A3: วัตถุดิบ | B3: หน่วย | C3: ต้นทุน/หน่วย (บาท) | D3: อ้างอิงการคำนวณ
A4: ชาไทยเบส | B4: ml | C4: =ต้นทุนเบส!$G$6 -> 0.02 | D4: ใบชาใต้รินชา สูตร 3 210 g (~40฿) + ชาตรามือห่อแดง 90 g (~17฿) + น้ำ 3,300 ml ต่อเบส 3,000 ml · ไม่มีน้ำตาล/เกลือในเบส (อัปเดตรอบ 6)
A5: ชาเขียวเบส | B5: ml | C5: =ต้นทุนเบส!$G$7 -> 0.0243325 | D5: ชา 180 g (~47฿) + น้ำตาล 240 g (~8฿) ต่อ 3,000 ml
A6: นมสด | B6: ml | C6: =ต้นทุนเบส!$G$8 -> 0.048 | D6: นมสดจืด 1 L ~48฿
A7: นมข้นจืด | B7: ml | C7: =ต้นทุนเบส!$G$9 -> 0.074074074 | D7: กระป๋อง 405 ml ~30฿
A8: นมข้นหวาน | B8: ml | C8: =ต้นทุนเบส!$G$10 -> 0.069306931 | D8: กระป๋อง 505 g ~35฿
A9: น้ำเชื่อม 1:1 | B9: ml | C9: =ต้นทุนเบส!$G$11 -> 0.01674375 | D9: น้ำตาล 1 kg (~26฿) : น้ำ 1 L → ~1,600 ml
A10: น้ำผึ้งเจือจาง 2:1 | B10: ml | C10: =ต้นทุนเบส!$G$12 -> 0.23358333 | D10: น้ำผึ้ง 1 kg ~350฿ เจือจางน้ำอุ่น 2:1
A11: โกโก้ผง | B11: g | C11: =ต้นทุนเบส!$G$13 -> 0.6 | D11: ผงโกโก้ 1 kg ~600฿
A12: น้ำส้มคั้น | B12: ml | C12: =ต้นทุนเบส!$G$14 -> 0.055 | D12: ส้มคั้นสด / น้ำส้ม 100% 1 L ~55฿
A13: เบสมะพร้าว | B13: ml | C13: =ต้นทุนเบส!$G$15 -> 0.07353 | D13: ดูสูตรในชีต 'เบสและซับสูตร' (~76฿ ต่อ 1,000 ml)
A14: ซอสสตรอว์เบอร์รี่ | B14: g | C14: =ต้นทุนเบส!$G$16 -> 0.18 | D14: ซอสมีเนื้อ 1 kg ~180฿
A15: น้ำมะนาว | B15: ml | C15: =ต้นทุนเบส!$G$17 -> 0.24 | D15: มะนาวสด คั้นวันต่อวัน
A16: โซดา | B16: ml | C16: =ต้นทุนเบส!$G$18 -> 0.021538462 | D16: โซดาขวด 325 ml ~7฿
A17: ครีมชีส/วิปชีสโฟม | B17: g | C17: =ต้นทุนเบส!$G$19 -> 0.1583924 | D17: คิดจากสูตรในชีต 'เบสและซับสูตร': ~85฿ ต่อ ~490 g
A18: น้ำแข็ง | B18: g | C18: =ต้นทุนเบส!$G$20 -> 0.014 | D18: น้ำแข็งหลอด ยกกระสอบ ~14฿/kg
A19: มัทฉะช็อต (พรีเมียม 1 g : 10 ml) | B19: ml | C19: =ต้นทุนเบส!$G$21 -> 0.95666667 | D19: จากชีต 'ต้นทุนเบส': มัทฉะเกรดลาเต้ ~4.4฿/g ÷ 10 = ~0.44฿/ml — ราคาเปลี่ยนตามบันทึกซื้อจริง
A20: น้ำดื่ม | B20: ml | C20: =ต้นทุนเบส!$G$22 -> 0.002 | D20: น้ำดื่มถัง 20 L ~40฿ = ~0.002฿/ml (ค่าประมาณ) — ใช้ในเมนูเพียวมัทฉะ/ชาใส
A21: บรรจุภัณฑ์ 16 oz (แก้ว+ฝา+หลอด+สติกเกอร์) | B21: ชุด | C21: =ต้นทุนเบส!$G$23 -> 4
A22: บรรจุภัณฑ์ 20 oz (แก้ว+ฝา+หลอด+สติกเกอร์) | B22: ชุด | C22: =ต้นทุนเบส!$G$25 -> 4.6 | D22: แก้ว 20 oz ~2.60 + ฝา 1.00 + หลอด 0.50 + สติกเกอร์ 0.50 — คำนวณจาก tblBOM B-44–B-47
A23: บรรจุภัณฑ์ 22 oz (แก้ว+ฝา+หลอด+สติกเกอร์) | B23: ชุด | C23: =ต้นทุนเบส!$G$24 -> 4.8
A24: ราคาขาย (บาท)
A25: เมนู | B25: ชื่อไทย | C25: 16 oz | D25: 20 oz | E25: 22 oz
A26: Original | B26: ชาไทยเย็น | C26: 45 | D26: =IF(OR($C26="",$E26=""),"",ROUND(($C26+($E26-$C26)*2/3)/5,0)*5) -> 50 | E26: 55
A27: Latte | B27: ชาไทยนมสด | C27: 50 | D27: =IF(OR($C27="",$E27=""),"",ROUND(($C27+($E27-$C27)*2/3)/5,0)*5) -> 55 | E27: 60
A28: Cream Cheese | B28: ชาไทยครีมชีสโฟม | C28: 65 | D28: 75 | E28: 79
A29: Whip Cheese | B29: ชาไทยวิปชีส | C29: 65 | D29: =IF(OR($C29="",$E29=""),"",ROUND(($C29+($E29-$C29)*2/3)/5,0)*5) -> 70 | E29: 75
A30: Orange Latte | B30: ชาไทยส้ม | C30: 55 | D30: =IF(OR($C30="",$E30=""),"",ROUND(($C30+($E30-$C30)*2/3)/5,0)*5) -> 60 | E30: 65
A31: Cocoa | B31: ชาไทยโกโก้ | C31: 55 | D31: =IF(OR($C31="",$E31=""),"",ROUND(($C31+($E31-$C31)*2/3)/5,0)*5) -> 60 | E31: 65
A32: Thai Tea Frappe | B32: ชาไทยปั่น | C32: 65 | D32: =IF(OR($C32="",$E32=""),"",ROUND(($C32+($E32-$C32)*2/3)/5,0)*5) -> 70 | E32: 75
A33: Coconut Frappe | B33: ชาไทยมะพร้าวปั่น | C33: 69 | D33: =IF(OR($C33="",$E33=""),"",ROUND(($C33+($E33-$C33)*2/3)/5,0)*5) -> 75 | E33: 79
A34: Honey Milk | B34: ชาไทยนมสดน้ำผึ้ง | C34: 50 | D34: =IF(OR($C34="",$E34=""),"",ROUND(($C34+($E34-$C34)*2/3)/5,0)*5) -> 55 | E34: 60
A35: Coconut Tea | B35: ชาไทยมะพร้าวน้ำหอม (เย็น) | C35: 59 | D35: =IF(OR($C35="",$E35=""),"",ROUND(($C35+($E35-$C35)*2/3)/5,0)*5) -> 65 | E35: 69
A36: Lemon Tea | B36: ชามะนาว | C36: 40 | D36: 49 | E36: 50
A37: Green Tea | B37: ชาเขียวเย็น | C37: 45 | D37: =IF(OR($C37="",$E37=""),"",ROUND(($C37+($E37-$C37)*2/3)/5,0)*5) -> 50 | E37: 55
A38: Green Coconut | B38: ชาเขียวมะพร้าว | C38: 59 | D38: =IF(OR($C38="",$E38=""),"",ROUND(($C38+($E38-$C38)*2/3)/5,0)*5) -> 65 | E38: 69
A39: Green Honey Milk | B39: ชาเขียวนมสดน้ำผึ้ง | C39: 50 | D39: =IF(OR($C39="",$E39=""),"",ROUND(($C39+($E39-$C39)*2/3)/5,0)*5) -> 55 | E39: 60
A40: Green Berry Soda | B40: ชาเขียวสตรอว์เบอร์รี่โซดา | C40: 50 | D40: 59 | E40: 65
A41: Green Tea Frappe | B41: ชาเขียวปั่น | C41: 65 | D41: =IF(OR($C41="",$E41=""),"",ROUND(($C41+($E41-$C41)*2/3)/5,0)*5) -> 70 | E41: 75
A42: Green Latte | B42: ชาเขียวนมสด (มัทฉะลาเต้) | C42: 50 | D42: =IF(OR($C42="",$E42=""),"",ROUND(($C42+($E42-$C42)*2/3)/5,0)*5) -> 55 | E42: 60
A43: Green Lemon Tea | B43: ชาเขียวมะนาว | C43: 40 | D43: 49 | E43: 55
A44: Green Honey Lemon | B44: ชาเขียวน้ำผึ้งมะนาว | C44: 50 | D44: 59 | E44: 65
A45: Green Cream Cheese | B45: ชาเขียวครีมชีสโฟม | C45: 65 | D45: 75 | E45: 85
A46: Pure Matcha Premium | B46: เพียวมัทฉะ (มัทฉะน้ำใส) | C46: 75 | D46: =IF(OR($C46="",$E46=""),"",ROUND(($C46+($E46-$C46)*2/3)/5,0)*5) -> 85 | E46: 90
A47: Matcha Latte Premium | B47: มัทฉะลาเต้พรีเมียม | C47: 85 | D47: =IF(OR($C47="",$E47=""),"",ROUND(($C47+($E47-$C47)*2/3)/5,0)*5) -> 95 | E47: 100
A48: Matcha Coconut Premium | B48: มัทฉะน้ำมะพร้าวพรีเมียม | C48: 90 | D48: =IF(OR($C48="",$E48=""),"",ROUND(($C48+($E48-$C48)*2/3)/5,0)*5) -> 105 | E48: 115
A49: Matcha Strawberry Premium | B49: สตรอว์เบอร์รี่มัทฉะลาเต้พรีเมียม | C49: 95 | D49: =IF(OR($C49="",$E49=""),"",ROUND(($C49+($E49-$C49)*2/3)/5,0)*5) -> 110 | E49: 120
D50: =IF(OR($C50="",$E50=""),"",ROUND(($C50+($E50-$C50)*2/3)/5,0)*5)
D51: =IF(OR($C51="",$E51=""),"",ROUND(($C51+($E51-$C51)*2/3)/5,0)*5)
D52: =IF(OR($C52="",$E52=""),"",ROUND(($C52+($E52-$C52)*2/3)/5,0)*5)
D53: =IF(OR($C53="",$E53=""),"",ROUND(($C53+($E53-$C53)*2/3)/5,0)*5)
D54: =IF(OR($C54="",$E54=""),"",ROUND(($C54+($E54-$C54)*2/3)/5,0)*5)
D55: =IF(OR($C55="",$E55=""),"",ROUND(($C55+($E55-$C55)*2/3)/5,0)*5)
D56: =IF(OR($C56="",$E56=""),"",ROUND(($C56+($E56-$C56)*2/3)/5,0)*5)
D57: =IF(OR($C57="",$E57=""),"",ROUND(($C57+($E57-$C57)*2/3)/5,0)*5)
D58: =IF(OR($C58="",$E58=""),"",ROUND(($C58+($E58-$C58)*2/3)/5,0)*5)
D59: =IF(OR($C59="",$E59=""),"",ROUND(($C59+($E59-$C59)*2/3)/5,0)*5)
D60: =IF(OR($C60="",$E60=""),"",ROUND(($C60+($E60-$C60)*2/3)/5,0)*5)
D61: =IF(OR($C61="",$E61=""),"",ROUND(($C61+($E61-$C61)*2/3)/5,0)*5)
... D101: =IF(OR($C101="",$E101=""),"",ROUND(($C101+($E101-$C101)*2/3)/5,0)*5)

Sheet SOP วิธีชง
A1: 📋 SOP วิธีชงทุกเมนู — ทำตามลำดับให้รสเท่ากันทุกแก้ว
A2: ปริมาณจริงต่อแก้วดูที่หน้า 'คำนวณสูตร' (เลือกเมนู/ขนาด/หวาน) · ชีตนี้บอกลำดับ เทคนิค และจุดพลาด · แก้ไขได้เมื่อ R&D สรุปว่าต้องปรับ
A3: ⚠ อัปเดตสูตรเบส: ทั้ง ชาไทยเบส (Pure Tea Base) และ ชาเขียวเบส (Pure Green Tea Base) มีแค่ชา + น้ำ ไม่มีน้ำตาลและเกลือในเบสอีกต่อไป · เมนูชาไทยและชาเขียวทุกตัวถูกเติมน้ำเชื่อมชดเชยในสูตรแล้ว (ดูตัวเลขจริงที่ชีต คำนวณสูตร) · วิธีต้มเบสดูชีต เบสและซับสูตร ข้อ 1 (ชาไทย) และ ข้อ 2 (ชาเขียว — น้ำ 80–85°C คนวน 20 วิ ห้ามแช่นิ่ง)
A4: เมนู | B4: ชื่อไทย | C4: กลุ่มเทคนิค | D4: ขั้นตอน (ทำตามลำดับ) | E4: เทคนิค / จุดพลาดบ่อย | F4: อุปกรณ์ | G4: เวลา (วิ) | H4: เบสที่ต้องมีพร้อม
A5: Original | B5: ชาไทยเย็น | C5: เย็นธรรมดา | D5: ตวงเบสชา → ใส่นมข้นหวาน/น้ำเชื่อมตามระดับหวาน คนให้ละลายในเบสก่อน → ใส่น้ำแข็งตามกรัม → เทนมสด/นมข้นจืด → ปิดฝา เขย่า/คน 3 รอบ | E5: ละลายตัวหวานในเบสก่อนใส่น้ำแข็งเสมอ (น้ำแข็งทำให้นมข้นจับก้น) · น้ำแข็งชั่งครั้งเดียวจำระดับแก้ว | F5: เหยือกตวง, ช้อนยาว, ตาชั่ง | G5: 45 | H5: ชาไทยเบส
A6: Latte | B6: ชาไทยนมสด | C6: แยกชั้น | D6: ใส่น้ำแข็ง → เทของหนักลงก่อน (นม/มะพร้าว/น้ำผลไม้) → เทเบสชาผ่านหลังช้อนช้า ๆ ให้แผ่เป็นชั้น → ปิดฝาโดม → แจ้งลูกค้าคนก่อนดื่ม | E6: ห้ามคน · เทช้าให้แผ่ ไม่พุ่ง · เมนูมีน้ำส้ม/มะนาว+นม ต้องใส่น้ำผลไม้ก้นแก้วก่อนเพื่อกันนมตกตะกอน | F6: ช้อนยาว, แก้วฝาโดม | G6: 60 | H6: ชาไทยเบส, นมผสม
A7: Cream Cheese | B7: ชาไทยครีมชีสโฟม | C7: โฟมชีส | D7: ชงเนื้อเครื่องดื่มตามแบบเย็น (เว้นที่บน 2 ซม.) → ตักครีมชีส/วิปชีสโฟมที่ตีไว้ราดบนช้า ๆ → โรยผง/ท็อป → ปิดฝาโดม | E7: โฟมต้องเย็นและตีใหม่ทุก 2–3 ชม. · ราดผ่านช้อนให้ลอยเป็นชั้น · น้ำแข็งลดเหลือ 200 g เพราะโฟมกินที่ | F7: ช้อนตัก, ถุงบีบ, ฝาโดม | G7: 70 | H7: ชาไทยเบส, ครีมชีสโฟม
A8: Whip Cheese | B8: ชาไทยวิปชีส | C8: โฟมชีส | D8: ชงเนื้อเครื่องดื่มตามแบบเย็น (เว้นที่บน 2 ซม.) → ตักครีมชีส/วิปชีสโฟมที่ตีไว้ราดบนช้า ๆ → โรยผง/ท็อป → ปิดฝาโดม | E8: โฟมต้องเย็นและตีใหม่ทุก 2–3 ชม. · ราดผ่านช้อนให้ลอยเป็นชั้น · น้ำแข็งลดเหลือ 200 g เพราะโฟมกินที่ | F8: ช้อนตัก, ถุงบีบ, ฝาโดม | G8: 70 | H8: ชาไทยเบส, วิปชีส
A9: Orange Latte | B9: ชาไทยส้ม | C9: แยกชั้น | D9: ใส่น้ำแข็ง → เทของหนักลงก่อน (นม/มะพร้าว/น้ำผลไม้) → เทเบสชาผ่านหลังช้อนช้า ๆ ให้แผ่เป็นชั้น → ปิดฝาโดม → แจ้งลูกค้าคนก่อนดื่ม | E9: ห้ามคน · เทช้าให้แผ่ ไม่พุ่ง · เมนูมีน้ำส้ม/มะนาว+นม ต้องใส่น้ำผลไม้ก้นแก้วก่อนเพื่อกันนมตกตะกอน | F9: ช้อนยาว, แก้วฝาโดม | G9: 60 | H9: ชาไทยเบส, น้ำส้มคั้น
A10: Cocoa | B10: ชาไทยโกโก้ | C10: เย็นธรรมดา | D10: ตวงเบสชา → ใส่นมข้นหวาน/น้ำเชื่อมตามระดับหวาน คนให้ละลายในเบสก่อน → ใส่น้ำแข็งตามกรัม → เทนมสด/นมข้นจืด → ปิดฝา เขย่า/คน 3 รอบ | E10: ละลายตัวหวานในเบสก่อนใส่น้ำแข็งเสมอ (น้ำแข็งทำให้นมข้นจับก้น) · น้ำแข็งชั่งครั้งเดียวจำระดับแก้ว | F10: เหยือกตวง, ช้อนยาว, ตาชั่ง | G10: 45 | H10: ชาไทยเบส (ละลายโกโก้เป็นเพสต์ก่อน)
A11: Thai Tea Frappe | B11: ชาไทยปั่น | C11: ปั่น | D11: ใส่ของเหลวทั้งหมดลงโถก่อน (เบส นม ตัวหวาน) → ใส่น้ำแข็งทับ → ปั่นสูง 35–45 วิ → เทลงแก้ว ท็อป | E11: น้ำแข็งลงก่อนใบมีดหมุนเปล่า · ปั่นนานเกินเนื้อเหลว · ชิมทันทีหลังปั่นเพราะความหวานลดเมื่อเย็นจัด | F11: เครื่องปั่น, ตาชั่ง | G11: 75 | H11: ชาไทยเบส
A12: Coconut Frappe | B12: ชาไทยมะพร้าวปั่น | C12: ปั่น | D12: ใส่ของเหลวทั้งหมดลงโถก่อน (เบส นม ตัวหวาน) → ใส่น้ำแข็งทับ → ปั่นสูง 35–45 วิ → เทลงแก้ว ท็อป | E12: น้ำแข็งลงก่อนใบมีดหมุนเปล่า · ปั่นนานเกินเนื้อเหลว · ชิมทันทีหลังปั่นเพราะความหวานลดเมื่อเย็นจัด | F12: เครื่องปั่น, ตาชั่ง | G12: 75 | H12: ชาไทยเบส, เบสมะพร้าว
A13: Honey Milk | B13: ชาไทยนมสดน้ำผึ้ง | C13: แยกชั้น | D13: ใส่น้ำแข็ง → เทของหนักลงก่อน (นม/มะพร้าว/น้ำผลไม้) → เทเบสชาผ่านหลังช้อนช้า ๆ ให้แผ่เป็นชั้น → ปิดฝาโดม → แจ้งลูกค้าคนก่อนดื่ม | E13: ห้ามคน · เทช้าให้แผ่ ไม่พุ่ง · เมนูมีน้ำส้ม/มะนาว+นม ต้องใส่น้ำผลไม้ก้นแก้วก่อนเพื่อกันนมตกตะกอน | F13: ช้อนยาว, แก้วฝาโดม | G13: 60 | H13: ชาไทยเบส, น้ำผึ้งเจือจาง
A14: Coconut Tea | B14: ชาไทยมะพร้าว | C14: แยกชั้น | D14: ใส่น้ำแข็ง → เทของหนักลงก่อน (นม/มะพร้าว/น้ำผลไม้) → เทเบสชาผ่านหลังช้อนช้า ๆ ให้แผ่เป็นชั้น → ปิดฝาโดม → แจ้งลูกค้าคนก่อนดื่ม | E14: ห้ามคน · เทช้าให้แผ่ ไม่พุ่ง · เมนูมีน้ำส้ม/มะนาว+นม ต้องใส่น้ำผลไม้ก้นแก้วก่อนเพื่อกันนมตกตะกอน | F14: ช้อนยาว, แก้วฝาโดม | G14: 60 | H14: ชาไทยเบส, เบสมะพร้าว
A15: Lemon Tea | B15: ชามะนาว | C15: มะนาว/น้ำผึ้ง | D15: ตวงเบสชา → น้ำเชื่อมตามระดับหวาน คนละลาย → ใส่น้ำแข็ง → เทน้ำมะนาว/น้ำผึ้ง → คน/เขย่า → แต่งมะนาวฝาน | E15: ใส่น้ำมะนาวหลังสุดเสมอ (กรดทำสีชาหม่นถ้าแช่นาน) · น้ำผึ้งเจือจางแล้วละลายง่าย ไม่ต้องอุ่น | F15: เหยือกตวง, เชคเกอร์ | G15: 45 | H15: ชาไทยเบส, น้ำเชื่อม
A16: Green Tea | B16: ชาเขียวเย็น | C16: เย็นธรรมดา | D16: ตวงเบสชา → ใส่นมข้นหวาน/น้ำเชื่อมตามระดับหวาน คนให้ละลายในเบสก่อน → ใส่น้ำแข็งตามกรัม → เทนมสด/นมข้นจืด → ปิดฝา เขย่า/คน 3 รอบ | E16: ละลายตัวหวานในเบสก่อนใส่น้ำแข็งเสมอ (น้ำแข็งทำให้นมข้นจับก้น) · น้ำแข็งชั่งครั้งเดียวจำระดับแก้ว | F16: เหยือกตวง, ช้อนยาว, ตาชั่ง | G16: 45 | H16: ชาเขียวเบส
... A24: Green Cream Cheese | B24: ชาเขียวครีมชีสโฟม | C24: โฟมชีส | D24: ชงเนื้อเครื่องดื่มตามแบบเย็น (เว้นที่บน 2 ซม.) → ตักครีมชีส/วิปชีสโฟมที่ตีไว้ราดบนช้า ๆ → โรยผง/ท็อป → ปิดฝาโดม | E24: โฟมต้องเย็นและตีใหม่ทุก 2–3 ชม. · ราดผ่านช้อนให้ลอยเป็นชั้น · น้ำแข็งลดเหลือ 200 g เพราะโฟมกินที่ | F24: ช้อนตัก, ถุงบีบ, ฝาโดม | G24: 70 | H24: ชาเขียวเบส, ครีมชีสโฟม
A25: Pure Matcha Premium | B25: เพียวมัทฉะ (มัทฉะน้ำใส) | C25: มัทฉะพรีเมียม | D25: 1) เขย่าขวดมัทฉะช็อต ตวง 40 ml (16 oz) / 50 ml (22 oz) → 2) ใส่น้ำเชื่อมตามระดับหวานลงแก้วเสิร์ฟ → 3) ใส่น้ำแข็งเต็มแก้ว → 4) เทน้ำดื่มเย็น 150/210 ml → 5) ราดมัทฉะช็อตด้านบนช้าๆ ให้เกิดชั้นสีไล่เฉด → 6) เสียบหลอด ให้ลูกค้าคนเอง | E25: ไม่มีนมมาปิดรส → คุณภาพผงเห็นชัดที่สุด ใช้ผงเกรดลาเต้ที่ดีหรืออัปเกรดเป็นเกรดพิธี · น้ำต้องเย็นจัดและเป็นน้ำกรอง/น้ำแร่อ่อน · ห้ามคนแรงก่อนเสิร์ฟ (เสียชั้นสี) · เสนอมะนาวฝาน 1 ชิ้นเพิ่มความสดชื่น | F25: มัทฉะช็อตทิ้งไว้เกิน 4 ชม. → สีคล้ำ ตกตะกอน กลิ่นหาย · ใช้น้ำประปา → รสฝาด | G25: ≈45 วิ | H25: เหยือกตวง, ขวดมัทฉะช็อต, ที่ตักน้ำแข็ง
A26: Matcha Latte Premium | B26: มัทฉะลาเต้พรีเมียม | C26: มัทฉะพรีเมียม | D26: ตวงมัทฉะช็อต 40/50 ml จากขวดที่เขย่าแล้ว → ใส่นม/มะพร้าว/ซอสตามสูตร + น้ำเชื่อมลงแก้วก่อน → น้ำแข็ง → ราดช็อตมัทฉะทับด้านบนช้า ๆ → ฝาโดม → แจ้งลูกค้าคนก่อนดื่ม | E26: ช็อตต้องทำใหม่ทุก 4 ชม. เขย่าก่อนตวงทุกแก้ว · ห้ามตวงเกิน (ต้นทุน 0.44฿/ml) · ใช้แก้วตวงเดียวกันเสมอ · ดูชีต มัทฉะพรีเมียม ข้อ 4 | F26: แก้วตวงช็อต, ช้อนยาว, ฝาโดม | G26: 55 | H26: มัทฉะช็อต
A27: Matcha Coconut Premium | B27: มัทฉะน้ำมะพร้าวพรีเมียม | C27: มัทฉะพรีเมียม | D27: ตวงมัทฉะช็อต 40/50 ml จากขวดที่เขย่าแล้ว → ใส่นม/มะพร้าว/ซอสตามสูตร + น้ำเชื่อมลงแก้วก่อน → น้ำแข็ง → ราดช็อตมัทฉะทับด้านบนช้า ๆ → ฝาโดม → แจ้งลูกค้าคนก่อนดื่ม | E27: ช็อตต้องทำใหม่ทุก 4 ชม. เขย่าก่อนตวงทุกแก้ว · ห้ามตวงเกิน (ต้นทุน 0.44฿/ml) · ใช้แก้วตวงเดียวกันเสมอ · ดูชีต มัทฉะพรีเมียม ข้อ 4 | F27: แก้วตวงช็อต, ช้อนยาว, ฝาโดม | G27: 55 | H27: มัทฉะช็อต, เบสมะพร้าว
A28: Matcha Strawberry Premium | B28: สตรอว์เบอร์รี่มัทฉะลาเต้พรีเมียม | C28: มัทฉะพรีเมียม | D28: ตวงมัทฉะช็อต 40/50 ml จากขวดที่เขย่าแล้ว → ใส่นม/มะพร้าว/ซอสตามสูตร + น้ำเชื่อมลงแก้วก่อน → น้ำแข็ง → ราดช็อตมัทฉะทับด้านบนช้า ๆ → ฝาโดม → แจ้งลูกค้าคนก่อนดื่ม | E28: ช็อตต้องทำใหม่ทุก 4 ชม. เขย่าก่อนตวงทุกแก้ว · ห้ามตวงเกิน (ต้นทุน 0.44฿/ml) · ใช้แก้วตวงเดียวกันเสมอ · ดูชีต มัทฉะพรีเมียม ข้อ 4 | F28: แก้วตวงช็อต, ช้อนยาว, ฝาโดม | G28: 55 | H28: มัทฉะช็อต, ซอสสตรอว์เบอร์รี่

Sheet เตรียมเบส
A1: 🧪 วางแผนเตรียมเบสประจำวัน — กรอกยอดคาดขายต่อเมนู → ระบบบอกว่าต้องทำเบสอะไรกี่ ml / กี่ batch
A2: คำนวณจากสูตรที่ระดับหวาน 50% (ค่ากลาง) ในตารางรวม · ช่องครีม = กรอก · ผลลัพธ์คอลัมน์ J ไปใส่ในช่องเหลืองของชีต เบสและซับสูตร
A4: เมนู | B4: ชื่อไทย | C4: คาดขาย 16 oz (แก้ว) | D4: คาดขาย 20 oz (แก้ว) | E4: คาดขาย 22 oz (แก้ว) | F4: เบส / ซับสูตร | G4: ต้องใช้ (ml หรือ g) | H4: ขนาด batch มาตรฐาน | I4: จำนวน batch ที่ต้องทำ | J4: ปริมาณที่จะทำ (ใส่ช่องเหลืองในเบสและซับสูตร) | K4: ต้นทุนเบสที่ต้องทำ (บาท)
A5: =IF(Lists!$A$2="","",Lists!$A$2) -> Original | B5: =IF(A5="","",Lists!$B$2) -> ชาไทยเย็น | C5: 0 | D5: 0 | E5: 0 | F5: ชาไทยเบส | G5: {=SUMPRODUCT($C$5:$C$28,IFERROR(INDEX(ตารางรวม!$D:$D,MATCH($A$5:$A$28&Lists!$S$2&"16 oz"&Lists!$S$2&"50%",ตารางรวม!$Z:$Z,0)),0))+SUMPRODUCT($D$5:$D$28,IFERROR(INDEX(ตารางรวม!$D:$D,MATCH($A$5:$A$28&Lists!$S$2&"20 oz"&Lists!$S$2&"50%",ตารางรวม!$Z:$Z,0)),0))+SUMPRODUCT($E$5:$E$28,IFERROR(INDEX(ตารางรวม!$D:$D,MATCH($A$5:$A$28&Lists!$S$2&"22 oz"&Lists!$S$2&"50%",ตารางรวม!$Z:$Z,0)),0))} -> 0 | H5: =IFERROR(INDEX(tblIng[ขนาด batch มาตรฐาน],MATCH(F5,tblIng[วัตถุดิบในสูตร],0)),"") -> 3000 | I5: =IF(G5<=0,0,ROUNDUP(G5*(1+$H$14)/H5,0)) -> 0 | J5: =I5*H5 -> 0 | K5: =IFERROR(J5*INDEX(tblIng[ต้นทุนที่ใช้],MATCH(F5,tblIng[วัตถุดิบในสูตร],0)),0) -> 0
A6: =IF(Lists!$A$3="","",Lists!$A$3) -> Latte | B6: =IF(A6="","",Lists!$B$3) -> ชาไทยนมสด | C6: 0 | D6: 0 | E6: 0 | F6: ชาเขียวเบส | G6: {=SUMPRODUCT($C$5:$C$28,IFERROR(INDEX(ตารางรวม!$E:$E,MATCH($A$5:$A$28&Lists!$S$2&"16 oz"&Lists!$S$2&"50%",ตารางรวม!$Z:$Z,0)),0))+SUMPRODUCT($D$5:$D$28,IFERROR(INDEX(ตารางรวม!$E:$E,MATCH($A$5:$A$28&Lists!$S$2&"20 oz"&Lists!$S$2&"50%",ตารางรวม!$Z:$Z,0)),0))+SUMPRODUCT($E$5:$E$28,IFERROR(INDEX(ตารางรวม!$E:$E,MATCH($A$5:$A$28&Lists!$S$2&"22 oz"&Lists!$S$2&"50%",ตารางรวม!$Z:$Z,0)),0))} -> 0 | H6: =IFERROR(INDEX(tblIng[ขนาด batch มาตรฐาน],MATCH(F6,tblIng[วัตถุดิบในสูตร],0)),"") -> 3000 | I6: =IF(G6<=0,0,ROUNDUP(G6*(1+$H$14)/H6,0)) -> 0 | J6: =I6*H6 -> 0 | K6: =IFERROR(J6*INDEX(tblIng[ต้นทุนที่ใช้],MATCH(F6,tblIng[วัตถุดิบในสูตร],0)),0) -> 0
A7: =IF(Lists!$A$4="","",Lists!$A$4) -> Cream Cheese | B7: =IF(A7="","",Lists!$B$4) -> ชาไทยครีมชีสโฟม | C7: 0 | D7: 0 | E7: 0 | F7: มัทฉะช็อต | G7: {=SUMPRODUCT($C$5:$C$28,IFERROR(INDEX(ตารางรวม!$S:$S,MATCH($A$5:$A$28&Lists!$S$2&"16 oz"&Lists!$S$2&"50%",ตารางรวม!$Z:$Z,0)),0))+SUMPRODUCT($D$5:$D$28,IFERROR(INDEX(ตารางรวม!$S:$S,MATCH($A$5:$A$28&Lists!$S$2&"20 oz"&Lists!$S$2&"50%",ตารางรวม!$Z:$Z,0)),0))+SUMPRODUCT($E$5:$E$28,IFERROR(INDEX(ตารางรวม!$S:$S,MATCH($A$5:$A$28&Lists!$S$2&"22 oz"&Lists!$S$2&"50%",ตารางรวม!$Z:$Z,0)),0))} -> 0 | H7: =IFERROR(INDEX(tblIng[ขนาด batch มาตรฐาน],MATCH(F7,tblIng[วัตถุดิบในสูตร],0)),"") -> 300 | I7: =IF(G7<=0,0,ROUNDUP(G7*(1+$H$14)/H7,0)) -> 0 | J7: =I7*H7 -> 0 | K7: =IFERROR(J7*INDEX(tblIng[ต้นทุนที่ใช้],MATCH(F7,tblIng[วัตถุดิบในสูตร],0)),0) -> 0
A8: =IF(Lists!$A$5="","",Lists!$A$5) -> Whip Cheese | B8: =IF(A8="","",Lists!$B$5) -> ชาไทยวิปชีส | C8: 0 | D8: 0 | E8: 0 | F8: เบสมะพร้าว | G8: {=SUMPRODUCT($C$5:$C$28,IFERROR(INDEX(ตารางรวม!$M:$M,MATCH($A$5:$A$28&Lists!$S$2&"16 oz"&Lists!$S$2&"50%",ตารางรวม!$Z:$Z,0)),0))+SUMPRODUCT($D$5:$D$28,IFERROR(INDEX(ตารางรวม!$M:$M,MATCH($A$5:$A$28&Lists!$S$2&"20 oz"&Lists!$S$2&"50%",ตารางรวม!$Z:$Z,0)),0))+SUMPRODUCT($E$5:$E$28,IFERROR(INDEX(ตารางรวม!$M:$M,MATCH($A$5:$A$28&Lists!$S$2&"22 oz"&Lists!$S$2&"50%",ตารางรวม!$Z:$Z,0)),0))} -> 0 | H8: =IFERROR(INDEX(tblIng[ขนาด batch มาตรฐาน],MATCH(F8,tblIng[วัตถุดิบในสูตร],0)),"") -> 1000 | I8: =IF(G8<=0,0,ROUNDUP(G8*(1+$H$14)/H8,0)) -> 0 | J8: =I8*H8 -> 0 | K8: =IFERROR(J8*INDEX(tblIng[ต้นทุนที่ใช้],MATCH(F8,tblIng[วัตถุดิบในสูตร],0)),0) -> 0
A9: =IF(Lists!$A$6="","",Lists!$A$6) -> Orange Latte | B9: =IF(A9="","",Lists!$B$6) -> ชาไทยส้ม | C9: 0 | D9: 0 | E9: 0 | F9: น้ำเชื่อม 1:1 | G9: {=SUMPRODUCT($C$5:$C$28,IFERROR(INDEX(ตารางรวม!$I:$I,MATCH($A$5:$A$28&Lists!$S$2&"16 oz"&Lists!$S$2&"50%",ตารางรวม!$Z:$Z,0)),0))+SUMPRODUCT($D$5:$D$28,IFERROR(INDEX(ตารางรวม!$I:$I,MATCH($A$5:$A$28&Lists!$S$2&"20 oz"&Lists!$S$2&"50%",ตารางรวม!$Z:$Z,0)),0))+SUMPRODUCT($E$5:$E$28,IFERROR(INDEX(ตารางรวม!$I:$I,MATCH($A$5:$A$28&Lists!$S$2&"22 oz"&Lists!$S$2&"50%",ตารางรวม!$Z:$Z,0)),0))} -> 0 | H9: =IFERROR(INDEX(tblIng[ขนาด batch มาตรฐาน],MATCH(F9,tblIng[วัตถุดิบในสูตร],0)),"") -> 1600 | I9: =IF(G9<=0,0,ROUNDUP(G9*(1+$H$14)/H9,0)) -> 0 | J9: =I9*H9 -> 0 | K9: =IFERROR(J9*INDEX(tblIng[ต้นทุนที่ใช้],MATCH(F9,tblIng[วัตถุดิบในสูตร],0)),0) -> 0
A10: =IF(Lists!$A$7="","",Lists!$A$7) -> Cocoa | B10: =IF(A10="","",Lists!$B$7) -> ชาไทยโกโก้ | C10: 0 | D10: 0 | E10: 0 | F10: น้ำผึ้งเจือจาง 2:1 | G10: {=SUMPRODUCT($C$5:$C$28,IFERROR(INDEX(ตารางรวม!$J:$J,MATCH($A$5:$A$28&Lists!$S$2&"16 oz"&Lists!$S$2&"50%",ตารางรวม!$Z:$Z,0)),0))+SUMPRODUCT($D$5:$D$28,IFERROR(INDEX(ตารางรวม!$J:$J,MATCH($A$5:$A$28&Lists!$S$2&"20 oz"&Lists!$S$2&"50%",ตารางรวม!$Z:$Z,0)),0))+SUMPRODUCT($E$5:$E$28,IFERROR(INDEX(ตารางรวม!$J:$J,MATCH($A$5:$A$28&Lists!$S$2&"22 oz"&Lists!$S$2&"50%",ตารางรวม!$Z:$Z,0)),0))} -> 0 | H10: =IFERROR(INDEX(tblIng[ขนาด batch มาตรฐาน],MATCH(F10,tblIng[วัตถุดิบในสูตร],0)),"") -> 1500 | I10: =IF(G10<=0,0,ROUNDUP(G10*(1+$H$14)/H10,0)) -> 0 | J10: =I10*H10 -> 0 | K10: =IFERROR(J10*INDEX(tblIng[ต้นทุนที่ใช้],MATCH(F10,tblIng[วัตถุดิบในสูตร],0)),0) -> 0
A11: =IF(Lists!$A$8="","",Lists!$A$8) -> Thai Tea Frappe | B11: =IF(A11="","",Lists!$B$8) -> ชาไทยปั่น | C11: 0 | D11: 0 | E11: 0 | F11: ครีมชีส/วิปชีสโฟม | G11: {=SUMPRODUCT($C$5:$C$28,IFERROR(INDEX(ตารางรวม!$Q:$Q,MATCH($A$5:$A$28&Lists!$S$2&"16 oz"&Lists!$S$2&"50%",ตารางรวม!$Z:$Z,0)),0))+SUMPRODUCT($D$5:$D$28,IFERROR(INDEX(ตารางรวม!$Q:$Q,MATCH($A$5:$A$28&Lists!$S$2&"20 oz"&Lists!$S$2&"50%",ตารางรวม!$Z:$Z,0)),0))+SUMPRODUCT($E$5:$E$28,IFERROR(INDEX(ตารางรวม!$Q:$Q,MATCH($A$5:$A$28&Lists!$S$2&"22 oz"&Lists!$S$2&"50%",ตารางรวม!$Z:$Z,0)),0))} -> 0 | H11: =IFERROR(INDEX(tblIng[ขนาด batch มาตรฐาน],MATCH(F11,tblIng[วัตถุดิบในสูตร],0)),"") -> 490 | I11: =IF(G11<=0,0,ROUNDUP(G11*(1+$H$14)/H11,0)) -> 0 | J11: =I11*H11 -> 0 | K11: =IFERROR(J11*INDEX(tblIng[ต้นทุนที่ใช้],MATCH(F11,tblIng[วัตถุดิบในสูตร],0)),0) -> 0
A12: =IF(Lists!$A$9="","",Lists!$A$9) -> Coconut Frappe | B12: =IF(A12="","",Lists!$B$9) -> ชาไทยมะพร้าวปั่น | C12: 0 | D12: 0 | E12: 0
A13: =IF(Lists!$A$10="","",Lists!$A$10) -> Honey Milk | B13: =IF(A13="","",Lists!$B$10) -> ชาไทยนมสดน้ำผึ้ง | C13: 0 | D13: 0 | E13: 0 | G13: เผื่อเหลือ/ของเสีย (%)
A14: =IF(Lists!$A$11="","",Lists!$A$11) -> Coconut Tea | B14: =IF(A14="","",Lists!$B$11) -> ชาไทยมะพร้าวน้ำหอม (เย็น) | C14: 0 | D14: 0 | E14: 0 | G14: ใส่เป็นทศนิยม เช่น 0.10 = 10% | H14: 0.1
A15: =IF(Lists!$A$12="","",Lists!$A$12) -> Lemon Tea | B15: =IF(A15="","",Lists!$B$12) -> ชามะนาว | C15: 0 | D15: 0 | E15: 0
A16: =IF(Lists!$A$13="","",Lists!$A$13) -> Green Tea | B16: =IF(A16="","",Lists!$B$13) -> ชาเขียวเย็น | C16: 0 | D16: 0 | E16: 0
A17: =IF(Lists!$A$14="","",Lists!$A$14) -> Green Coconut | B17: =IF(A17="","",Lists!$B$14) -> ชาเขียวมะพร้าว | C17: 0 | D17: 0 | E17: 0
A18: =IF(Lists!$A$15="","",Lists!$A$15) -> Green Honey Milk | B18: =IF(A18="","",Lists!$B$15) -> ชาเขียวนมสดน้ำผึ้ง | C18: 0 | D18: 0 | E18: 0
A19: =IF(Lists!$A$16="","",Lists!$A$16) -> Green Berry Soda | B19: =IF(A19="","",Lists!$B$16) -> ชาเขียวสตรอว์เบอร์รี่โซดา | C19: 0 | D19: 0 | E19: 0
A20: =IF(Lists!$A$17="","",Lists!$A$17) -> Green Tea Frappe | B20: =IF(A20="","",Lists!$B$17) -> ชาเขียวปั่น | C20: 0 | D20: 0 | E20: 0
A21: =IF(Lists!$A$18="","",Lists!$A$18) -> Green Latte | B21: =IF(A21="","",Lists!$B$18) -> ชาเขียวนมสด (มัทฉะลาเต้) | C21: 0 | D21: 0 | E21: 0
A22: =IF(Lists!$A$19="","",Lists!$A$19) -> Green Lemon Tea | B22: =IF(A22="","",Lists!$B$19) -> ชาเขียวมะนาว | C22: 0 | D22: 0 | E22: 0
A23: =IF(Lists!$A$20="","",Lists!$A$20) -> Green Honey Lemon | B23: =IF(A23="","",Lists!$B$20) -> ชาเขียวน้ำผึ้งมะนาว | C23: 0 | D23: 0 | E23: 0
A24: =IF(Lists!$A$21="","",Lists!$A$21) -> Green Cream Cheese | B24: =IF(A24="","",Lists!$B$21) -> ชาเขียวครีมชีสโฟม | C24: 0 | D24: 0 | E24: 0
A25: =IF(Lists!$A$22="","",Lists!$A$22) -> Pure Matcha Premium | B25: =IF(A25="","",Lists!$B$22) -> เพียวมัทฉะ (มัทฉะน้ำใส) | C25: 0 | D25: 0 | E25: 0
A26: =IF(Lists!$A$23="","",Lists!$A$23) -> Matcha Latte Premium | B26: =IF(A26="","",Lists!$B$23) -> มัทฉะลาเต้พรีเมียม | C26: 0 | D26: 0 | E26: 0
A27: =IF(Lists!$A$24="","",Lists!$A$24) -> Matcha Coconut Premium | B27: =IF(A27="","",Lists!$B$24) -> มัทฉะน้ำมะพร้าวพรีเมียม | C27: 0 | D27: 0 | E27: 0
A28: =IF(Lists!$A$25="","",Lists!$A$25) -> Matcha Strawberry Premium | B28: =IF(A28="","",Lists!$B$25) -> สตรอว์เบอร์รี่มัทฉะลาเต้พรีเมียม
A29: รวม | C29: =SUM(C5:C28) -> 0 | D29: =SUM(D5:D28) -> 0

Sheet เบสและซับสูตร
A1: เบสและซับสูตร (ทำล่วงหน้าทุกเช้า) — ปรับปริมาณการทำได้เอง
A2: ชีตนี้เป็นส่วนที่ไฟล์เดิมขาดไป — ไฟล์เดิมอ้างถึง 'ชาไทย 100 ml' และ 'นมผสม 75 ml' แต่ไม่เคยบอกว่าทำมาจากอะไร ทำให้สูตรทำซ้ำไม่ได้และคิดต้นทุนไม่ได้
A3: วิธีใช้: ทุกเบสมีช่องสีเหลือง "ปริมาณที่ต้องการทำ" — ใส่ตัวเลขที่อยากทำจริง (เช่น เปลี่ยนจาก 3,000 ml เป็น 1,000 ml ตอนทดลองสูตร) แล้วคอลัมน์ "ใช้จริง" ของทุกส่วนผสมในบล็อกนั้นจะปรับตามสัดส่วนให้อัตโนมัติ
A5: 1. ชาไทยเบส — “DA-YO Pure Tea Base” (ในเบสมีแค่ ชา + น้ำ เท่านั้น)
A6: จังหวะที่ 1 — ต้มน้ำเดือดแล้วพัก 60–90 วิ ให้ลงมา 92–95°C → ใส่เฉพาะ ใบชาใต้รินชา แช่ 6 นาที → ชักชา 5 รอบ
A7: จังหวะที่ 2 — เติมผงชาตรามือห่อแดงทีหลัง แช่ต่อ 3 นาที → ชักชา 3 รอบ → ยกถุงออก บีบเบา ๆ 2–3 ครั้ง (ห้ามบิด) → Cold shock กะละมังน้ำแข็ง ให้ต่ำกว่า 20°C ใน 30 นาที
A8: ปริมาณเบสที่ต้องการทำ | B8: 3000 | C8: 600 | D8: ml | E8: ="ตัวคูณ "&TEXT($C$8/$B$8,"0.00")&" เท่า ← แก้ตัวเลขในช่องเหลือง (ค่ามาตรฐาน 3,000 ml)" -> ตัวคูณ 0.20 เท่า ← แก้ตัวเลขในช่องเหลือง (ค่ามาตรฐาน 3,000 ml)
A9: วัตถุดิบ | B9: สูตรมาตรฐาน | C9: ใช้จริง | D9: หน่วย | E9: สเปก / ยี่ห้อแนะนำ
A10: ใบชาใต้ รินชา สูตร 3 | B10: =ROUND($B$16*$B$17,0) -> 180 | C10: =ROUND($B10*$C$8/$B$8,2) -> 36 | D10: g | E10: ใบชาแท้ — ตัวให้ body แทนนิน และหางชาที่ไม่จมเมื่อเจอนม/มะพร้าว · ใส่ก่อนเพราะสกัดช้า
A11: ชาไทยผงปรุงสำเร็จ ฉลากแดง | B11: =$B$16-$B$10 -> 120 | C11: =ROUND($B11*$C$8/$B$8,2) -> 24 | D11: g | E11: ชาตรามือห่อแดง — ตัวให้สีส้มอิฐกับกลิ่นวานิลลา · ใส่ทีหลัง กันฝาด
A12: น้ำ (92–95°C) | B12: 3300 | C12: =ROUND($B12*$C$8/$B$8,2) -> 660 | D12: ml | E12: ใส่มากกว่าปริมาณเบส 300 ml — ใบชา 300 g อมน้ำหายไปประมาณนี้
A13: เกลือป่น (ไม่ใช้ — สำรองสำหรับทดลอง) | B13: 0 | C13: =ROUND($B13*$C$8/$B$8,2) -> 0 | D13: g | E13: ตั้งไว้ 0 โดยเจตนา — เกลือมีหน้าที่กลบความขม ถ้าต้องกลบแสดงว่าสกัดพลาด ให้แก้การสกัดก่อน
A14: รวมใบชาที่ใช้ (ตรวจยอด) | B14: =$B$10+$B$11 -> 300 | C14: =ROUND($B14*$C$8/$B$8,2) -> 60 | D14: g | E14: ต้องเท่ากับช่องปรับด้านล่างเสมอ — ถ้าไม่ตรงแสดงว่ามีการแก้สูตรมือ
A15: ⚙ ช่องปรับอัตราส่วนชา — แก้สองช่องนี้แล้วน้ำหนักชาทั้งสองตัวข้างบนคำนวณใหม่เอง
A16: ปริมาณใบชารวม ต่อเบส 3,000 ml | B16: 300 | C16: 60 | D16: g | E16: ตั้งต้น 300 g (สูตรเดิม 200 g) — เพิ่มเพราะไม่มีน้ำตาลช่วยดันรสอีกแล้ว
A17: สัดส่วนใบชาใต้ รินชา สูตร 3 | B17: 0.6 | C17: 60 | D17: % | E17: ที่เหลือเป็นชาตรามือห่อแดง · 70% = 7:3 · ต้นทุนชาทั้งสองตัวเกือบเท่ากัน เลื่อนอัตราส่วนแล้วต้นทุนไม่ขยับ
A18: อายุ 72 ชม. ในตู้เย็น 4°C (เดิม 48 ชม.) — นานขึ้นเพราะเบสไม่มีน้ำตาลเลย · ขายจริงให้หมดใน 48 ชม. · เบสนี้วัด °Brix ไม่ได้ ให้คุมที่น้ำหนักใบชา เวลาแช่ และอุญหญิแทน
A19: ทำไมน้ำตาลกับเกลือจึงออกจากเบส: น้ำตาลเป็นอาหารของยีสต์/แบคทีเรีย ทำให้เบสเสียเร็ว ตกตะกอน สีคล้ำ · เกลือที่ระดับ 0.067% กลบขมได้แต่กันเสียไม่ได้ — จึงเอาออกทั้งคู่
A20: ⚠ เวลาแช่ชาไม่ปรับตามปริมาณ — ทำ 1,000 ml หรือ 3,000 ml ก็แช่ 6+3 นาทีเท่ากัน (ปรับแค่ปริมาณของ ไม่ใช่เวลา)
A22: 2. ชาเขียวเบส — “DA-YO Pure Green Tea Base” (ในเบสมีแค่ ชา + น้ำ เท่านั้น)
A23: จังหวะที่ 1 — ต้มน้ำเดือดแล้วพักให้ลงมา 80–85°C (ห้ามน้ำเดือด) → ใส่เพาะ ใบชาเขียวรินชา → คนวน 20 วินาที → ชักชา 3 รอบ (ห้ามแช่นิ่ง)
A24: จังหวะที่ 2 — เติมชาเขียวผงชาตรามือทีหลัง คนต่อ 40–60 วินาที → ยกถุงออกทันที ห้ามบีบ/ห้ามบิด → Cold shock กะละมังน้ำแข็ง ให้ต่ำกว่า 20°C ใน 30 นาที
A25: ปริมาณเบสที่ต้องการทำ | B25: 3000 | C25: 3000 | D25: ml | E25: ="ตัวคูณ "&TEXT($C$25/$B$25,"0.00")&" เท่า ← แก้ตัวเลขในช่องเหลือง (ค่ามาตรฐาน 3,000 ml)" -> ตัวคูณ 1.00 เท่า ← แก้ตัวเลขในช่องเหลือง (ค่ามาตรฐาน 3,000 ml)
A26: วัตถุดิบ | B26: สูตรมาตรฐาน | C26: ใช้จริง | D26: หน่วย | E26: สเปก / ยี่ห้อแนะนำ
A27: ชาเขียวผง ฉลากเขียว (ชาตรามือ) | B27: =ROUND($B$34*$B$35,0) -> 144 | C27: =ROUND($B27*$C$25/$B$25,2) -> 144 | D27: g | E27: ชาตรามือ ฉลากเขียว — ตัวถือกลิ่นมะลิกับสีเขียวที่ลูกค้าไทยคุ้น · ใส่ทีหลัง กันฝาด · ฿0.26/g (ถูกกว่าใบ)
A28: ใบชาเขียวไม่มีกลิ่นมะลิ รินชา | B28: =$B$34-$B$27 -> 96 | C28: =ROUND($B28*$C$25/$B$25,2) -> 96 | D28: g | E28: ใบชาแท้ ไม่มีมะลิ — ตัวให้ body และหางชาที่ไม่จมเมื่อเจอนมข้นจืด/น้ำแข็ง · ใส่ก่อนเพราะสกัดช้ากว่าผง · ฿0.345/g
A29: น้ำ (80–85°C) | B29: 3250 | C29: =ROUND($B29*$C$25/$B$25,2) -> 3250 | D29: ml | E29: ใส่มากกว่าปริมาณเบส 250 ml — ชารวม 240 g อมน้ำหายไปประมาณนี้ · น้ำเดือดจะสกัดคาเทชินเร็วเกิน → ขมและฝาด
A30: น้ำตาลทราย (ไม่ใช้ — ย้ายไปคุมหวานรายแก้ว) | B30: 0 | C30: =ROUND($B30*$C$25/$B$25,2) -> 0 | D30: g | E30: ถอดออกจากเบส (เดิม 240 g) — น้ำตาลเป็นอาหารยีสต์/แบคทีเรีย ทำให้เบสเสียเร็ว · ชดเชยด้วยน้ำเชื่อม 1:1 รายแก้วในชีต ข้อมูลสูตร
A31: เกลือป่น (ไม่ใช้ — สำรองสำหรับทดลอง) | B31: 0 | C31: =ROUND($B31*$C$25/$B$25,2) -> 0 | D31: g | E31: ตั้งไว้ 0 โดยเจตนา — เกลือกลบขมได้แต่กันเสียไม่ได้ ถ้าต้องกลบแสดงว่าสกัดพลาด ให้แก้การสกัดก่อน
A32: รวมชาที่ใช้ ผง+ใบ (ตรวจยอด) | B32: =$B$27+$B$28 -> 240 | C32: =ROUND($B32*$C$25/$B$25,2) -> 240 | D32: g | E32: ต้องเท่ากับช่องปรับด้านล่างเสมอ — ถ้าไม่ตรงแสดงว่ามีการแก้สูตรมือ
A33: ⚙ ช่องปรับอัตราส่วนชา — แก้สองช่องนี้แล้วน้ำหนักชาทั้งสองตัวข้างบนคำนวณใหม่เอง
A34: ปริมาณชารวม ต่อเบส 3,000 ml | B34: 240 | D34: g | E34: ตั้งต้น 240 g (สูตรเดิม 180 g) — เพิ่มเพราะไม่มีน้ำตาลช่วยดันรสอีกแล้ว
A35: สัดส่วนชาเขียวผง ชาตรามือ | B35: 0.6 | D35: % | E35: ที่เหลือเป็นใบชาเขียวรินชา · 60% = 3:2 · ผงนำเพราะใบที่ซื้อไม่มีกลิ่นมะลิ · ห้ามให้ใบต่ำกว่า 40% ไม่งั้นเบสจมเมื่อเจอนม/น้ำแข็ง · เลื่อนอัตราส่วน 40:60 ↔ 60:40 ต้นทุนขยับแค่ ฿0.18/แก้ว
A36: อายุ 48 ชม. ในตู้เย็น 4°C (เดิม 24 ชม.) — นานขี้นเพราะเบสไม่มีน้ำตาลเลย · ขายจริงให้หมดใน 24–36 ชม. เพราะกลิ่นมะลิหายและสีคล้ำเร็วกว่าชาไทย (ชาไทย 72 ชม.)
A37: ทำไมน้ำตาลกับเกลือจึงออกจากเบส: น้ำตาลเป็นอาหารของยีสต์/แบคทีเรีย ทำให้เบสเสียเร็ว ตกตะกอน สีคล้ำ · เกลือกลบขมได้แต่กันเสียไม่ได้ — จึงเอาออกทั้งคู่ เหมือนเบสชาไทย
A38: ⚠ เวลาสกัดไม่ปรับตามปริมาณ — ทำ 1,000 ml หรือ 3,000 ml ก็คนวน 20 วิ + คนต่อ 40–60 วิ เท่ากัน (ปรับแค่ปริมาณของ ไม่ใช่เวลา) · ห้ามแช่นิ่งเด็ดขาด ชาเขียวขมเร็วกว่าชาดำมาก
A40: 3. เบสมะพร้าว
A41: ผสมเย็นทั้งหมด ห้ามให้ความร้อนเด็ดขาด · เขย่าขวดทุกครั้งก่อนตวง (กะทิแยกชั้นเสมอ)
A42: ปริมาณเบสที่ต้องการทำ | B42: 1000 | C42: 1000 | D42: ml | E42: ="ตัวคูณ "&TEXT($C$42/$B$42,"0.00")&" เท่า ← แก้ตัวเลขในช่องเหลือง (ค่ามาตรฐาน 1,000 ml)" -> ตัวคูณ 1.00 เท่า ← แก้ตัวเลขในช่องเหลือง (ค่ามาตรฐาน 1,000 ml)
A43: วัตถุดิบ | B43: สูตรมาตรฐาน | C43: ใช้จริง | D43: หน่วย | E43: สเปก / ยี่ห้อแนะนำ
A44: น้ำมะพร้าวน้ำหอม 100% ไม่เติมน้ำตาล | B44: 700 | C44: =ROUND($B44*$C$42/$B$42,2) -> 700 | D44: ml | E44: ให้กลิ่นหัวที่สดชื่น — อ่านฉลากให้แน่ใจว่าไม่เติมน้ำตาล
A45: กะทิ UHT | B45: 180 | C45: =ROUND($B45*$C$42/$B$42,2) -> 180 | D45: ml | E45: ไขมัน 17–19% — ให้ตัวกลาง ทำให้ไม่เป็นน้ำ
A46: ไซรัปมะพร้าว | B46: 100 | C46: =ROUND($B46*$C$42/$B$42,2) -> 100 | D46: ml | E46: ให้หางที่ค้างในปาก 5–10 วิ หลังกลืน
A47: เกลือป่น | B47: 1.5 | C47: =ROUND($B47*$C$42/$B$42,2) -> 1.5 | D47: g | E47: เชื่อมรสชากับรสมะพร้าวไม่ให้แยกกัน
A48: ⚠ น้ำมะพร้าวโดนความร้อนจะเปลี่ยนเป็นสีชมพู/ม่วง และเกิดกลิ่นเปรี้ยว — ชาต้องเย็นสนิทก่อนผสมเสมอ
A49: เบสตัวนี้มีน้ำตาลอยู่แล้ว จึงเป็นเหตุผลที่เมนูมะพร้าวใช้นมข้นหวานน้อยกว่าเมนูอื่นในทุกระดับความหวาน
A51: 4. นมผสม (Milk Solution)
A52: นี่คือสิ่งที่ไฟล์เดิมเรียกว่า 'นมผสม' แต่ไม่เคยให้สูตร · การพรีมิกซ์ทำให้เสิร์ฟได้ 45–55 แก้ว/ชม. แทนที่จะเป็น 25
A53: ปริมาณที่ต้องการทำ | B53: 1000 | C53: 1000 | D53: ml | E53: ="ตัวคูณ "&TEXT($C$53/$B$53,"0.00")&" เท่า ← แก้ตัวเลขในช่องเหลือง (ค่ามาตรฐาน 1,000 ml)" -> ตัวคูณ 1.00 เท่า ← แก้ตัวเลขในช่องเหลือง (ค่ามาตรฐาน 1,000 ml)
A54: วัตถุดิบ | B54: สูตรมาตรฐาน | C54: ใช้จริง | D54: หน่วย | E54: สเปก / ยี่ห้อแนะนำ
A55: นมข้นจืด | B55: 500 | C55: =ROUND($B55*$C$53/$B$53,2) -> 500 | D55: ml | E55: คาร์เนชั่น
A56: นมข้นหวาน | B56: 300 | C56: =ROUND($B56*$C$53/$B$53,2) -> 300 | D56: g | E56: ตรามะลิ
A57: นมสดรสจืด | B57: 200 | C57: =ROUND($B57*$C$53/$B$53,2) -> 200 | D57: ml | E57: ลดความเลี่ยน เพิ่มความสด
A58: อายุ 24 ชม. · ในไฟล์เวอร์ชันนี้ผมแตกเป็นนมข้นจืด/นมข้นหวาน/นมสด แยกคอลัมน์ในตารางสูตรแล้ว เพื่อให้คิดต้นทุนได้ตรง
A60: 5. ครีมชีสโฟม / วิปชีส
A61: ตีครีมชีสให้นิ่มก่อน 30 วิ → ใส่นมข้นหวาน+เกลือ ตี 20 วิ → ค่อย ๆ ใส่นมสดและวิปปิ้งครีม ตีความเร็วกลาง 1.5–2 นาที
A62: หยุดที่ ribbon stage: ยกหัวตีขึ้น ครีมต้องไหลเป็นสายแล้วจมหายใน 2–3 วินาที — ห้ามตีจนตั้งยอด ไม่งั้นเทไม่ลง
A63: ปริมาณที่ต้องการทำ | B63: 490 | C63: 490 | D63: g | E63: ="ตัวคูณ "&TEXT($C$63/$B$63,"0.00")&" เท่า ← แก้ตัวเลขในช่องเหลือง (ค่ามาตรฐาน 490 g)" -> ตัวคูณ 1.00 เท่า ← แก้ตัวเลขในช่องเหลือง (ค่ามาตรฐาน 490 g)
A64: วัตถุดิบ | B64: สูตรมาตรฐาน | C64: ใช้จริง | D64: หน่วย | E64: สเปก / ยี่ห้อแนะนำ
